iso_code,continent,location,date,total_cases,new_cases,total_deaths,new_deaths,icu_patients,hosp_patients,total_tests,new_tests
ITA,Europe,Italy,2/25/2020,322,93,10,3,35,150,8623,4299
ITA,Europe,Italy,2/26/2020,453,131,12,2,36,164,9587,964
ITA,Europe,Italy,2/27/2020,655,202,17,5,56,304,12014,2427
ITA,Europe,Italy,2/28/2020,888,233,21,4,64,409,15695,3681
ITA,Europe,Italy,2/29/2020,1128,240,29,8,105,506,18661,2966
ITA,Europe,Italy,3/1/2020,1694,566,34,5,140,779,21127,2466
ITA,Europe,Italy,3/2/2020,2036,342,52,18,166,908,23345,2218
ITA,Europe,Italy,3/3/2020,2502,466,79,27,229,1263,25856,2511
ITA,Europe,Italy,3/4/2020,3089,587,107,28,295,1641,29837,3981
ITA,Europe,Italy,3/5/2020,3858,769,148,41,351,2141,32362,2525
ITA,Europe,Italy,3/6/2020,4636,778,197,49,462,2856,36359,3997
ITA,Europe,Italy,3/7/2020,5883,1247,233,36,567,3218,42062,5703
ITA,Europe,Italy,3/8/2020,7375,1492,366,133,650,4207,49937,7875
ITA,Europe,Italy,3/9/2020,9172,1797,463,97,733,5049,53826,3889
ITA,Europe,Italy,3/10/2020,10149,977,631,168,877,5915,60761,6935
ITA,Europe,Italy,3/11/2020,12462,2313,827,196,1028,6866,73154,12393
ITA,Europe,Italy,3/12/2020,15113,2651,1016,189,1153,7803,86011,12857
ITA,Europe,Italy,3/13/2020,17660,2547,1266,250,1328,8754,97488,11477
ITA,Europe,Italy,3/14/2020,21157,3497,1441,175,1518,9890,109170,11682
ITA,Europe,Italy,3/15/2020,24747,3590,1809,368,1672,11335,124899,15729
ITA,Europe,Italy,3/16/2020,27980,3233,2158,349,1851,12876,137962,13063
ITA,Europe,Italy,3/17/2020,31506,3526,2503,345,2060,14954,148657,10695
ITA,Europe,Italy,3/18/2020,35713,4207,2978,475,2257,16620,165541,16884
ITA,Europe,Italy,3/19/2020,41035,5322,3405,427,2498,18255,182777,17236
ITA,Europe,Italy,3/20/2020,47021,5986,4032,627,2655,18675,206886,24109
ITA,Europe,Italy,3/21/2020,53578,6557,4825,793,2857,20565,233222,26336
ITA,Europe,Italy,3/22/2020,59138,5560,5476,651,3009,22855,258402,25180
ITA,Europe,Italy,3/23/2020,63927,4789,6077,601,3204,23896,275468,17066
ITA,Europe,Italy,3/24/2020,69176,5249,6820,743,3396,25333,296964,21496
ITA,Europe,Italy,3/25/2020,74386,5210,7503,683,3489,26601,324445,27481
ITA,Europe,Italy,3/26/2020,80589,6203,8215,712,3612,28365,361060,36615
ITA,Europe,Italy,3/27/2020,86498,5909,9134,919,3732,29761,394079,33019
ITA,Europe,Italy,3/28/2020,92472,5974,10023,889,3856,30532,429526,35447
ITA,Europe,Italy,3/29/2020,97689,5217,10779,756,3906,31292,454030,24504
ITA,Europe,Italy,3/30/2020,101739,4050,11591,812,3981,31776,477359,23329
ITA,Europe,Italy,3/31/2020,105792,4053,12428,837,4023,32215,506968,29609
ITA,Europe,Italy,4/1/2020,110574,4782,13155,727,4035,32438,541423,34455
ITA,Europe,Italy,4/2/2020,115242,4668,13915,760,4053,32593,581232,39809
ITA,Europe,Italy,4/3/2020,119827,4585,14681,766,4068,32809,619849,38617
ITA,Europe,Italy,4/4/2020,124632,4805,15362,681,3994,33004,657224,37375
ITA,Europe,Italy,4/5/2020,128948,4316,15887,525,3977,32926,691461,34237
ITA,Europe,Italy,4/6/2020,132547,3599,16523,636,3898,32874,721732,30271
ITA,Europe,Italy,4/7/2020,135586,3039,17127,604,3792,32510,755445,33713
ITA,Europe,Italy,4/8/2020,139422,3836,17669,542,3693,32178,807125,51680
ITA,Europe,Italy,4/9/2020,143626,4204,18279,610,3605,32004,853369,46244
ITA,Europe,Italy,4/10/2020,147577,3951,18849,570,3497,31739,906864,53495
ITA,Europe,Italy,4/11/2020,152271,4694,19468,619,3381,31525,963473,56609
ITA,Europe,Italy,4/12/2020,156363,4092,19899,431,3343,31190,1010193,46720
ITA,Europe,Italy,4/13/2020,159516,3153,20465,566,3260,31283,1046910,36717
ITA,Europe,Italy,4/14/2020,162488,2972,21067,602,3186,31197,1073689,26779
ITA,Europe,Italy,4/15/2020,165155,2667,21645,578,3079,30722,1117404,43715
ITA,Europe,Italy,4/16/2020,168941,3786,22170,525,2936,29829,1178403,60999
ITA,Europe,Italy,4/17/2020,172434,3493,22745,575,2812,28598,1244108,65705
ITA,Europe,Italy,4/18/2020,175925,3491,23227,482,2733,27740,1305833,61725
ITA,Europe,Italy,4/19/2020,178972,3047,23660,433,2635,27668,1356541,50708
ITA,Europe,Italy,4/20/2020,181228,2256,24114,454,2573,27479,1398024,41483
ITA,Europe,Italy,4/21/2020,183957,2729,24648,534,2471,26605,1450150,52126
ITA,Europe,Italy,4/22/2020,187327,3370,25085,437,2384,26189,1513251,63101
ITA,Europe,Italy,4/23/2020,189973,2646,25549,464,2267,25138,1579909,66658
ITA,Europe,Italy,4/24/2020,192994,3021,25969,420,2173,24241,1642356,62447
ITA,Europe,Italy,4/25/2020,195351,2357,26384,415,2102,23635,1707743,65387
ITA,Europe,Italy,4/26/2020,197675,2324,26644,260,2009,23381,1757659,49916
ITA,Europe,Italy,4/27/2020,199414,1739,26977,333,1956,22309,1789662,32003
ITA,Europe,Italy,4/28/2020,201505,2091,27359,382,1863,21586,1846934,57272
ITA,Europe,Italy,4/29/2020,203591,2086,27682,323,1795,21005,1910761,63827
ITA,Europe,Italy,4/30/2020,205463,1872,27967,285,1694,19843,1979217,68456
ITA,Europe,Italy,5/1/2020,207428,1965,28236,269,1578,19147,2053425,74208
ITA,Europe,Italy,5/2/2020,209328,1900,28710,474,1539,18896,2108837,55412
ITA,Europe,Italy,5/3/2020,210717,1389,28884,174,1501,18743,2153772,44935
ITA,Europe,Italy,5/4/2020,211938,1221,29079,195,1479,18302,2191403,37631
ITA,Europe,Italy,5/5/2020,213013,1075,29315,236,1427,17697,2246666,55263
ITA,Europe,Italy,5/6/2020,214457,1444,29684,369,1333,17102,2310929,64263
ITA,Europe,Italy,5/7/2020,215858,1401,29958,274,1311,16485,2381288,70359
ITA,Europe,Italy,5/8/2020,217185,1327,30201,243,1168,15804,2445063,63775
ITA,Europe,Italy,5/9/2020,218268,1083,30395,194,1034,14868,2514234,69171
ITA,Europe,Italy,5/10/2020,219070,802,30560,165,1027,14645,2565912,51678
ITA,Europe,Italy,5/11/2020,219814,744,30739,179,999,14538,2606652,40740
ITA,Europe,Italy,5/12/2020,221216,1402,30911,172,952,13817,2673655,67003
ITA,Europe,Italy,5/13/2020,222104,888,31106,195,893,13065,2735628,61973
ITA,Europe,Italy,5/14/2020,223096,992,31368,262,855,12308,2807504,71876
ITA,Europe,Italy,5/15/2020,223885,789,31610,242,808,11600,2875680,68176
ITA,Europe,Italy,5/16/2020,224760,875,31763,153,775,11175,2944859,69179
ITA,Europe,Italy,5/17/2020,225435,675,31908,145,762,11073,3004960,60101
ITA,Europe,Italy,5/18/2020,225886,451,32007,99,749,10956,3041366,36406
ITA,Europe,Italy,5/19/2020,226699,813,32169,162,716,10707,3104524,63158
ITA,Europe,Italy,5/20/2020,227364,665,32330,161,676,10300,3171719,67195
ITA,Europe,Italy,5/21/2020,228006,642,32486,156,640,9909,3243398,71679
ITA,Europe,Italy,5/22/2020,228658,652,32616,130,595,9552,3318778,75380
ITA,Europe,Italy,5/23/2020,229327,669,32735,119,572,9267,3391188,72410
ITA,Europe,Italy,5/24/2020,229858,531,32785,50,553,9166,3447012,55824
ITA,Europe,Italy,5/25/2020,230158,300,32877,92,541,8726,3482253,35241
ITA,Europe,Italy,5/26/2020,230555,397,32955,78,521,8438,3539927,57674
ITA,Europe,Italy,5/27/2020,231139,584,33072,117,505,8234,3607251,67324
ITA,Europe,Italy,5/28/2020,231732,593,33142,70,489,7868,3683144,75893
ITA,Europe,Italy,5/29/2020,232248,516,33229,87,475,7569,3755279,72135
ITA,Europe,Italy,5/30/2020,232664,416,33340,111,450,7130,3824621,69342
ITA,Europe,Italy,5/31/2020,232997,333,33415,75,435,6822,3878739,54118
ITA,Europe,Italy,6/1/2020,233197,200,33475,60,424,6523,3910133,31394
ITA,Europe,Italy,6/2/2020,233515,318,33530,55,408,6324,3962292,52159
ITA,Europe,Italy,6/3/2020,233836,321,33601,71,353,6095,3999591,37299
ITA,Europe,Italy,6/4/2020,234013,177,33689,88,338,5841,4049544,49953
ITA,Europe,Italy,6/5/2020,234531,518,33774,85,316,5617,4114572,65028
ITA,Europe,Italy,6/6/2020,234801,270,33846,72,293,5295,4187057,72485
ITA,Europe,Italy,6/7/2020,234998,197,33899,53,287,5151,4236535,49478
ITA,Europe,Italy,6/8/2020,235278,280,33964,65,283,5012,4263647,27112
ITA,Europe,Italy,6/9/2020,235561,283,34043,79,263,4844,4318650,55003
ITA,Europe,Italy,6/10/2020,235763,202,34114,71,249,4569,4381349,62699
ITA,Europe,Italy,6/11/2020,236142,379,34167,53,236,4367,4443821,62472
ITA,Europe,Italy,6/12/2020,236305,163,34223,56,227,4120,4514441,70620
ITA,Europe,Italy,6/13/2020,236651,346,34301,78,220,3967,4564191,49750
ITA,Europe,Italy,6/14/2020,236989,338,34345,44,209,3803,4620718,56527
ITA,Europe,Italy,6/15/2020,237290,301,34371,26,207,3696,4648825,28107
ITA,Europe,Italy,6/16/2020,237500,210,34405,34,177,3478,4695707,46882
ITA,Europe,Italy,6/17/2020,237828,328,34448,43,163,3276,4773408,77701
ITA,Europe,Italy,6/18/2020,238159,331,34514,66,168,3035,4831562,58154
ITA,Europe,Italy,6/19/2020,238011,200,34561,47,161,2793,4889103,57541
ITA,Europe,Italy,6/20/2020,238275,264,34610,49,152,2626,4943825,54722
ITA,Europe,Italy,6/21/2020,238499,224,34634,24,148,2462,4984370,40545
ITA,Europe,Italy,6/22/2020,238720,221,34657,23,127,2165,5013342,28972
ITA,Europe,Italy,6/23/2020,238833,113,34675,18,115,1968,5053827,40485
ITA,Europe,Italy,6/24/2020,239410,577,34644,5,107,1717,5107093,53266
ITA,Europe,Italy,6/25/2020,239706,296,34678,34,103,1618,5163154,56061
ITA,Europe,Italy,6/26/2020,239961,255,34708,30,105,1461,5215922,52768
ITA,Europe,Italy,6/27/2020,240136,175,34716,8,97,1357,5277273,61351
ITA,Europe,Italy,6/28/2020,240310,174,34738,22,98,1258,5314619,37346
ITA,Europe,Italy,6/29/2020,240436,126,34744,6,96,1216,5341837,27218
ITA,Europe,Italy,6/30/2020,240578,142,34767,23,93,1183,5390110,48273
ITA,Europe,Italy,7/1/2020,240760,182,34788,21,87,1112,5445476,55366
ITA,Europe,Italy,7/2/2020,240961,201,34818,30,82,1045,5498719,53243
ITA,Europe,Italy,7/3/2020,241184,223,34833,15,79,1035,5548815,50096
ITA,Europe,Italy,7/4/2020,241419,235,34854,21,71,1011,5600826,52011
ITA,Europe,Italy,7/5/2020,241611,192,34861,7,74,1019,5638288,37462
ITA,Europe,Italy,7/6/2020,241819,208,34869,8,72,1018,5660454,22166
ITA,Europe,Italy,7/7/2020,241956,137,34899,30,70,1010,5703673,43219
ITA,Europe,Italy,7/8/2020,242149,193,34914,15,71,970,5754116,50443
ITA,Europe,Italy,7/9/2020,242363,214,34926,12,69,940,5806668,52552
ITA,Europe,Italy,7/10/2020,242639,276,34938,12,65,909,5854621,47953
ITA,Europe,Italy,7/11/2020,242827,188,34945,7,67,893,5900552,45931
ITA,Europe,Italy,7/12/2020,243061,234,34954,9,68,844,5938811,38259
ITA,Europe,Italy,7/13/2020,243230,169,34967,13,65,833,5962744,23933
ITA,Europe,Italy,7/14/2020,243344,114,34984,17,60,837,6004611,41867
ITA,Europe,Italy,7/15/2020,243506,162,34997,13,57,854,6053060,48449
ITA,Europe,Italy,7/16/2020,243736,230,35017,20,53,803,6103492,50432
ITA,Europe,Italy,7/17/2020,243967,231,35028,11,50,821,6154259,50767
ITA,Europe,Italy,7/18/2020,244216,249,35042,14,50,807,6202524,48265
ITA,Europe,Italy,7/19/2020,244434,218,35045,3,49,792,6238049,35525
ITA,Europe,Italy,7/20/2020,244624,190,35058,13,47,792,6262302,24253
ITA,Europe,Italy,7/21/2020,244752,128,35073,15,49,781,6305412,43110
ITA,Europe,Italy,7/22/2020,245032,280,35082,9,48,772,6354730,49318
ITA,Europe,Italy,7/23/2020,245338,306,35092,10,49,762,6415041,60311
ITA,Europe,Italy,7/24/2020,245590,252,35097,5,46,759,6468375,53334
ITA,Europe,Italy,7/25/2020,245864,274,35102,5,41,772,6520046,51671
ITA,Europe,Italy,7/26/2020,246118,254,35107,5,44,779,6560572,40526
ITA,Europe,Italy,7/27/2020,246286,168,35112,5,45,785,6586123,25551
ITA,Europe,Italy,7/28/2020,246488,202,35123,11,40,789,6634293,48170
ITA,Europe,Italy,7/29/2020,246776,288,35129,6,38,769,6690311,56018
ITA,Europe,Italy,7/30/2020,247158,382,35132,3,47,795,6752169,61858
ITA,Europe,Italy,7/31/2020,247537,379,35141,9,41,757,6813113,60944
ITA,Europe,Italy,8/1/2020,247832,295,35146,5,43,748,6873496,60383
ITA,Europe,Italy,8/2/2020,248070,238,35154,8,42,750,6916765,43269
ITA,Europe,Italy,8/3/2020,248229,159,35166,12,41,775,6940801,24036
ITA,Europe,Italy,8/4/2020,248419,190,35171,5,41,802,6984589,43788
ITA,Europe,Italy,8/5/2020,248803,384,35181,10,41,805,7041040,56451
ITA,Europe,Italy,8/6/2020,249204,401,35187,6,42,804,7099713,58673
ITA,Europe,Italy,8/7/2020,249756,552,35190,3,42,821,7158909,59196
ITA,Europe,Italy,8/8/2020,250103,347,35203,13,43,814,7212207,53298
ITA,Europe,Italy,8/9/2020,250566,463,35205,2,45,808,7249844,37637
ITA,Europe,Italy,8/10/2020,250825,259,35209,4,46,825,7276276,26432
ITA,Europe,Italy,8/11/2020,251237,412,35215,6,49,850,7316918,40642
ITA,Europe,Italy,8/12/2020,251713,476,35225,10,53,832,7369576,52658
ITA,Europe,Italy,8/13/2020,252235,522,35231,6,55,841,7420764,51188
ITA,Europe,Italy,8/14/2020,252809,574,35234,3,56,827,7467487,46723
ITA,Europe,Italy,8/15/2020,253438,629,35392,158,55,819,7520610,53123
ITA,Europe,Italy,8/16/2020,253915,477,35396,4,56,843,7557417,36807
ITA,Europe,Italy,8/17/2020,254235,320,35400,4,58,868,7588083,30666
ITA,Europe,Italy,8/18/2020,254636,401,35405,5,58,901,7642059,53976
ITA,Europe,Italy,8/19/2020,255278,642,35412,7,66,932,7713154,71095
ITA,Europe,Italy,8/20/2020,256118,840,35418,6,68,951,7790596,77442
ITA,Europe,Italy,8/21/2020,257065,947,35427,9,69,988,7862592,71996
ITA,Europe,Italy,8/22/2020,258136,1071,35430,3,64,988,7940266,77674
ITA,Europe,Italy,8/23/2020,259345,1209,35437,7,69,1040,8007637,67371
ITA,Europe,Italy,8/24/2020,260298,953,35441,4,65,1110,8053551,45914
ITA,Europe,Italy,8/25/2020,261174,876,35445,4,66,1124,8125892,72341
ITA,Europe,Italy,8/26/2020,262540,1366,35458,13,69,1124,8219421,93529
ITA,Europe,Italy,8/27/2020,263949,1409,35463,5,67,1198,8313445,94024
ITA,Europe,Italy,8/28/2020,265409,1460,35472,9,74,1252,8410510,97065
ITA,Europe,Italy,8/29/2020,266853,1444,35473,1,79,1247,8509618,99108
ITA,Europe,Italy,8/30/2020,268218,1365,35477,4,86,1337,8586341,76723
ITA,Europe,Italy,8/31/2020,269214,996,35483,6,94,1382,8644859,58518
ITA,Europe,Italy,9/1/2020,270189,975,35491,8,107,1487,8725909,81050
ITA,Europe,Italy,9/2/2020,271515,1326,35497,6,109,1546,8828868,102959
ITA,Europe,Italy,9/3/2020,272912,1397,35507,10,120,1625,8921658,92790
ITA,Europe,Italy,9/4/2020,274644,1732,35518,11,121,1728,9034743,113085
ITA,Europe,Italy,9/5/2020,276338,1694,35534,16,121,1741,9142401,107658
ITA,Europe,Italy,9/6/2020,277634,1296,35541,7,133,1816,9219257,76856
ITA,Europe,Italy,9/7/2020,278784,1150,35553,12,142,1861,9271810,52553
ITA,Europe,Italy,9/8/2020,280153,1369,35563,10,143,1903,9364213,92403
ITA,Europe,Italy,9/9/2020,281583,1430,35577,14,150,1928,9460203,95990
ITA,Europe,Italy,9/10/2020,283180,1597,35587,10,164,2000,9554389,94186
ITA,Europe,Italy,9/11/2020,284796,1616,35597,10,175,2024,9653269,98880
ITA,Europe,Italy,9/12/2020,286297,1501,35603,6,182,2133,9745975,92706
ITA,Europe,Italy,9/13/2020,287753,1456,35610,7,187,2229,9818118,72143
ITA,Europe,Italy,9/14/2020,288761,1008,35624,14,197,2319,9863427,45309
ITA,Europe,Italy,9/15/2020,289990,1229,35633,9,201,2423,9943944,80517
ITA,Europe,Italy,9/16/2020,291442,1452,35645,12,207,2492,10044551,100607
ITA,Europe,Italy,9/17/2020,293025,1583,35658,13,212,2560,10146324,101773
ITA,Europe,Italy,9/18/2020,294932,1907,35668,10,208,2595,10246163,99839
ITA,Europe,Italy,9/19/2020,296569,1637,35692,24,215,2595,10349386,103223
ITA,Europe,Italy,9/20/2020,298156,1587,35707,15,222,2587,10432814,83428
ITA,Europe,Italy,9/21/2020,299506,1350,35724,17,232,2707,10488676,55862
ITA,Europe,Italy,9/22/2020,300897,1391,35738,14,239,2843,10575979,87303
ITA,Europe,Italy,9/23/2020,302537,1640,35758,20,244,2902,10679675,103696
ITA,Europe,Italy,9/24/2020,304323,1786,35781,23,246,2977,10787694,108019
ITA,Europe,Italy,9/25/2020,306235,1912,35801,20,244,2981,10894963,107269
ITA,Europe,Italy,9/26/2020,308104,1869,35818,17,247,2993,10999350,104387
ITA,Europe,Italy,9/27/2020,309870,1766,35835,17,254,3100,11087064,87714
ITA,Europe,Italy,9/28/2020,311364,1494,35851,16,264,3241,11138173,51109
ITA,Europe,Italy,9/29/2020,313011,1647,35875,24,271,3319,11228358,90185
ITA,Europe,Italy,9/30/2020,314861,1850,35894,19,280,3327,11333922,105564
ITA,Europe,Italy,10/1/2020,317409,2548,35918,24,291,3388,11452158,118236
ITA,Europe,Italy,10/2/2020,319908,2499,35941,23,294,3436,11572459,120301
ITA,Europe,Italy,10/3/2020,322751,2843,35968,27,297,3502,11691391,118932
ITA,Europe,Italy,10/4/2020,325329,2578,35986,18,303,3590,11784105,92714
ITA,Europe,Italy,10/5/2020,327586,2257,36002,16,323,3810,11844346,60241
ITA,Europe,Italy,10/6/2020,330263,2677,36030,28,319,3944,11944088,99742
ITA,Europe,Italy,10/7/2020,333940,3677,36061,31,337,4119,12069402,125314
ITA,Europe,Italy,10/8/2020,338398,4458,36083,22,358,4283,12197500,128098
ITA,Europe,Italy,10/9/2020,343770,5372,36111,28,387,4473,12326971,129471
ITA,Europe,Italy,10/10/2020,349494,5724,36140,29,390,4726,12460055,133084
ITA,Europe,Italy,10/11/2020,354950,5456,36166,26,420,4939,12564713,104658
ITA,Europe,Italy,10/12/2020,359569,4619,36205,39,452,5273,12650155,85442
ITA,Europe,Italy,10/13/2020,365467,5898,36246,41,514,5590,12762699,112544
ITA,Europe,Italy,10/14/2020,372799,7332,36289,43,539,6009,12914895,152196
ITA,Europe,Italy,10/15/2020,381602,8803,36372,83,586,6382,13077827,162932
ITA,Europe,Italy,10/16/2020,391611,10009,36427,55,638,6816,13228204,150377
ITA,Europe,Italy,10/17/2020,402536,10925,36474,47,705,7322,13394041,165837
ITA,Europe,Italy,10/18/2020,414241,11705,36543,69,750,7881,13540582,146541
ITA,Europe,Italy,10/19/2020,423578,9337,36616,73,797,8473,13639444,98862
ITA,Europe,Italy,10/20/2020,434449,10871,36705,89,870,9324,13784181,144737
ITA,Europe,Italy,10/21/2020,449648,15199,36832,127,926,9983,13962029,177848
ITA,Europe,Italy,10/22/2020,465726,16078,36968,136,992,10686,14132421,170392
ITA,Europe,Italy,10/23/2020,484869,19143,37059,91,1049,11598,14314453,182032
ITA,Europe,Italy,10/24/2020,504509,19640,37210,151,1128,12415,14492122,177669
ITA,Europe,Italy,10/25/2020,525782,21273,37338,128,1208,13214,14654002,161880
ITA,Europe,Italy,10/26/2020,542789,17007,37479,141,1284,14281,14778688,124686
ITA,Europe,Italy,10/27/2020,564778,21989,37700,221,1411,15366,14953086,174398
ITA,Europe,Italy,10/28/2020,589766,24988,37905,205,1536,16517,15152038,198952
ITA,Europe,Italy,10/29/2020,616595,26829,38122,217,1651,17615,15353490,201452
ITA,Europe,Italy,10/30/2020,647674,31079,38321,199,1746,18740,15568575,215085
ITA,Europe,Italy,10/31/2020,679430,31756,38618,297,1843,19809,15784461,215886
ITA,Europe,Italy,11/1/2020,709335,29905,38826,208,1939,20841,15967918,183457
ITA,Europe,Italy,11/2/2020,731588,22253,39059,233,2022,21862,16103649,135731
ITA,Europe,Italy,11/3/2020,759829,28241,39412,353,2225,23339,16285936,182287
ITA,Europe,Italy,11/4/2020,790377,30548,39764,352,2292,24408,16497767,211831
ITA,Europe,Italy,11/5/2020,824879,34502,40192,428,2391,25647,16717651,219884
ITA,Europe,Italy,11/6/2020,862681,37802,40638,446,2515,26520,16951896,234245
ITA,Europe,Italy,11/7/2020,902490,39809,41063,425,2634,27743,17183569,231673
ITA,Europe,Italy,11/8/2020,935104,32614,41394,331,2749,29189,17374713,191144
ITA,Europe,Italy,11/9/2020,960373,25269,41750,356,2849,30485,17522438,147725
ITA,Europe,Italy,11/10/2020,995463,35090,42330,580,2971,31604,17740196,217758
ITA,Europe,Italy,11/11/2020,1028424,32961,42953,623,3081,32525,17965836,225640
ITA,Europe,Italy,11/12/2020,1066401,37977,43589,636,3170,33043,18200508,234672
ITA,Europe,Italy,11/13/2020,1107303,40902,44139,550,3230,34144,18455416,254908
ITA,Europe,Italy,11/14/2020,1144552,37249,44683,544,3306,34704,18683111,227695
ITA,Europe,Italy,11/15/2020,1178529,33977,45229,546,3422,35469,18878386,195275
ITA,Europe,Italy,11/16/2020,1205881,27352,45733,504,3492,36028,19031049,152663
ITA,Europe,Italy,11/17/2020,1238072,32191,46464,731,3612,36686,19239507,208458
ITA,Europe,Italy,11/18/2020,1272352,34280,47217,753,3670,37174,19474341,234834
ITA,Europe,Italy,11/19/2020,1308528,36176,47870,653,3712,37322,19724527,250186
ITA,Europe,Italy,11/20/2020,1345767,37239,48569,699,3748,37705,19962604,238077
ITA,Europe,Italy,11/21/2020,1380531,34764,49261,692,3758,37821,20199829,237225
ITA,Europe,Italy,11/22/2020,1408868,28337,49823,562,3801,38080,20388576,188747
ITA,Europe,Italy,11/23/2020,1431795,22927,50453,630,3810,38507,20537521,148945
ITA,Europe,Italy,11/24/2020,1455022,23227,51306,853,3816,38393,20726180,188659
ITA,Europe,Italy,11/25/2020,1480874,25852,52028,722,3848,38161,20956187,230007
ITA,Europe,Italy,11/26/2020,1509875,29001,52850,822,3846,37884,21188898,232711
ITA,Europe,Italy,11/27/2020,1538217,28342,53677,827,3782,37466,21411701,222803
ITA,Europe,Italy,11/28/2020,1564532,26315,54363,686,3762,37061,21637641,225940
ITA,Europe,Italy,11/29/2020,1585178,20646,54904,541,3753,36632,21814575,176934
ITA,Europe,Italy,11/30/2020,1601554,16376,55576,672,3744,36931,21945099,130524
ITA,Europe,Italy,12/1/2020,1620901,19347,56361,785,3663,36474,22127199,182100
ITA,Europe,Italy,12/2/2020,1641610,20709,57045,684,3616,36070,22334342,207143
ITA,Europe,Italy,12/3/2020,1664829,23219,58038,993,3597,35369,22554389,220047
ITA,Europe,Italy,12/4/2020,1688939,24110,58852,814,3567,34767,22767130,212741
ITA,Europe,Italy,12/5/2020,1709991,21052,59514,662,3517,33675,22962114,194984
ITA,Europe,Italy,12/6/2020,1728878,18887,60078,564,3454,33845,23125664,163550
ITA,Europe,Italy,12/7/2020,1742557,13679,60606,528,3382,33906,23236881,111217
ITA,Europe,Italy,12/8/2020,1757394,14837,61240,634,3345,33426,23386113,149232
ITA,Europe,Italy,12/9/2020,1770149,12755,61739,499,3320,32973,23504588,118475
ITA,Europe,Italy,12/10/2020,1787147,16998,62626,887,3291,32379,23676174,171586
ITA,Europe,Italy,12/11/2020,1805873,18726,63387,761,3265,31827,23866590,190416
ITA,Europe,Italy,12/12/2020,1825775,19902,64036,649,3199,31265,24063029,196439
ITA,Europe,Italy,12/13/2020,1843712,17937,64520,484,3158,30893,24215726,152697
ITA,Europe,Italy,12/14/2020,1855737,12025,65011,491,3095,30860,24319310,103584
ITA,Europe,Italy,12/15/2020,1870576,14839,65857,846,3003,30345,24483741,164431
ITA,Europe,Italy,12/16/2020,1888144,17568,66537,680,2926,29823,,
ITA,Europe,Italy,12/17/2020,1906377,18233,67220,683,2855,29282,24635720,
ITA,Europe,Italy,12/18/2020,1921778,15401,67894,674,2819,28588,24815520,179800
ITA,Europe,Italy,12/19/2020,1938083,16305,68447,553,2784,28148,24991705,176185
ITA,Europe,Italy,12/20/2020,1953185,15102,68799,352,2743,27901,25129125,137420
ITA,Europe,Italy,12/21/2020,1964054,10869,69214,415,2731,27876,25217014,87889
ITA,Europe,Italy,12/22/2020,1977370,13316,69842,628,2687,27635,25374719,157705
ITA,Europe,Italy,12/23/2020,1991278,13908,70395,553,2624,27170,25558583,183864
ITA,Europe,Italy,12/24/2020,2009317,18039,70900,505,2589,26659,25752360,193777
ITA,Europe,Italy,12/25/2020,2028354,19037,71359,459,2584,25986,25904694,152334
ITA,Europe,Italy,12/26/2020,2038759,10405,71620,261,2580,25892,25986258,81564
ITA,Europe,Italy,12/27/2020,2047696,8937,71925,305,2580,26151,26046137,59879
ITA,Europe,Italy,12/28/2020,2056277,8581,72370,445,2565,26497,26114818,68681
ITA,Europe,Italy,12/29/2020,2067487,11210,73029,659,2549,26211,26243558,128740
ITA,Europe,Italy,12/30/2020,2083689,16202,73604,575,2528,26094,26412603,169045
ITA,Europe,Italy,12/31/2020,2107166,23477,74159,555,2555,25706,26598607,186004
ITA,Europe,Italy,1/1/2021,2129376,22210,74621,462,2553,25375,26756131,157524
ITA,Europe,Italy,1/2/2021,2141201,11825,74985,364,2569,25517,26823305,67174
ITA,Europe,Italy,1/3/2021,2155446,14245,75332,347,2583,25658,26926279,102974
ITA,Europe,Italy,1/4/2021,2166244,10798,75680,348,2579,25896,27004272,77993
ITA,Europe,Italy,1/5/2021,2181619,15375,76329,649,2569,25964,27139378,135106
ITA,Europe,Italy,1/6/2021,2201945,20326,76877,548,2571,25745,27317974,178596
ITA,Europe,Italy,1/7/2021,2220361,18416,77291,414,2587,25878,27439249,121275
ITA,Europe,Italy,1/8/2021,2237890,17529,77911,620,2587,25900,27579516,140267
ITA,Europe,Italy,1/9/2021,2257866,19976,78394,483,2593,25853,27751635,172119
ITA,Europe,Italy,1/10/2021,2276491,18625,78755,361,2615,26042,27891393,139758
ITA,Europe,Italy,1/11/2021,2289021,12530,79203,448,2642,26245,27983049,91656
ITA,Europe,Italy,1/12/2021,2303263,14242,79819,616,2636,26348,28124690,141641
ITA,Europe,Italy,1/13/2021,2319036,15773,80326,507,2579,26104,28300119,175429
ITA,Europe,Italy,1/14/2021,2336279,17243,80848,522,2557,25667,28460704,160585
ITA,Europe,Italy,1/15/2021,2352423,16144,81325,477,2522,25363,28734210,273506
ITA,Europe,Italy,1/16/2021,2368733,16310,81800,475,2520,25304,28995614,261404
ITA,Europe,Italy,1/17/2021,2381277,12544,82177,377,2503,25260,29206692,211078
ITA,Europe,Italy,1/18/2021,2390102,8825,82554,377,2544,25428,29365366,158674
ITA,Europe,Italy,1/19/2021,2400598,10496,83157,603,2487,25186,29619436,254070
ITA,Europe,Italy,1/20/2021,2414166,13568,83681,524,2461,24930,29899198,279762
ITA,Europe,Italy,1/21/2021,2428221,14055,84202,521,2418,24463,30166765,267567
ITA,Europe,Italy,1/22/2021,2441854,13633,84674,472,2390,24081,30431493,264728
ITA,Europe,Italy,1/23/2021,2455185,13331,85162,488,2386,23789,30717824,286331
ITA,Europe,Italy,1/24/2021,2466813,11628,85461,299,2400,23709,30934035,216211
ITA,Europe,Italy,1/25/2021,2475372,8559,85881,420,2421,23845,31060966,126931
ITA,Europe,Italy,1/26/2021,2485956,10584,86422,541,2372,23727,31317253,256287
ITA,Europe,Italy,1/27/2021,2501147,15191,86889,467,2352,23513,31611023,293770
ITA,Europe,Italy,1/28/2021,2515507,14360,87381,492,2288,23066,31886602,275579
ITA,Europe,Italy,1/29/2021,2529070,13563,87858,477,2270,22667,32155352,268750
ITA,Europe,Italy,1/30/2021,2541783,12713,88279,421,2218,22316,32453362,298010
ITA,Europe,Italy,1/31/2021,2553032,11249,88516,237,2215,22311,32666726,213364
ITA,Europe,Italy,2/1/2021,2560957,7925,88845,329,2252,22512,32809145,142419
ITA,Europe,Italy,2/2/2021,2570608,9651,89344,499,2214,22531,33053574,244429
ITA,Europe,Italy,2/3/2021,2583790,13182,89820,476,2145,22216,33332881,279307
ITA,Europe,Italy,2/4/2021,2597446,13656,90241,421,2151,21894,33603023,270142
ITA,Europe,Italy,2/5/2021,2611659,14213,90618,377,2142,21717,33873530,270507
ITA,Europe,Italy,2/6/2021,2625098,13439,91003,385,2110,21518,34155937,282407
ITA,Europe,Italy,2/7/2021,2636738,11640,91273,270,2107,21373,34362726,206789
ITA,Europe,Italy,2/8/2021,2644707,7969,91580,307,2143,21670,34506996,144270
ITA,Europe,Italy,2/9/2021,2655319,10612,92002,422,2143,21655,34781259,274263
ITA,Europe,Italy,2/10/2021,2668266,12947,92338,336,2128,21408,35092253,310994
ITA,Europe,Italy,2/11/2021,2683403,15137,92729,391,2126,21068,35384786,292533
ITA,Europe,Italy,2/12/2021,2697296,13893,93045,316,2095,20831,35672405,287619
ITA,Europe,Italy,2/13/2021,2710819,13523,93356,311,2062,20562,35962939,290534
ITA,Europe,Italy,2/14/2021,2721879,11060,93577,221,2085,20534,36168581,205642
ITA,Europe,Italy,2/15/2021,2729223,7344,93835,258,2089,20604,36347859,179278
ITA,Europe,Italy,2/16/2021,2739591,10368,94171,336,2074,20537,36621878,274019
ITA,Europe,Italy,2/17/2021,2751657,12066,94540,369,2043,20317,36916289,294411
ITA,Europe,Italy,2/18/2021,2765412,13755,94887,347,2045,20008,37204747,288458
ITA,Europe,Italy,2/19/2021,2780882,15470,95235,348,2059,19890,37501875,297128
ITA,Europe,Italy,2/20/2021,2795796,14914,95486,251,2063,19788,37807953,306078
ITA,Europe,Italy,2/21/2021,2809246,13450,95718,232,2094,19898,38058939,250986
ITA,Europe,Italy,2/22/2021,2818863,9617,95992,274,2118,20273,38229611,170672
ITA,Europe,Italy,2/23/2021,2832162,13299,96348,356,2146,20441,38533461,303850
ITA,Europe,Italy,2/24/2021,2848564,16402,96666,318,2157,20374,38873708,340247
ITA,Europe,Italy,2/25/2021,2868435,19871,96974,308,2168,20425,39227412,353704
ITA,Europe,Italy,2/26/2021,2888923,20488,97227,253,2194,20486,39552816,325404
ITA,Europe,Italy,2/27/2021,2907825,18902,97507,280,2216,20588,39875863,323047
ITA,Europe,Italy,2/28/2021,2925265,17440,97699,192,2231,20869,40132887,257024
ITA,Europe,Italy,3/1/2021,2938371,13106,97945,246,2289,21401,40303520,170633
ITA,Europe,Italy,3/2/2021,2955434,17063,98288,343,2327,21897,40639503,335983
ITA,Europe,Italy,3/3/2021,2976274,20840,98635,347,2411,22174,40998387,358884
ITA,Europe,Italy,3/4/2021,2999119,22845,98974,339,2475,22632,41338022,339635
ITA,Europe,Italy,3/5/2021,3023129,24010,99271,297,2525,22899,41716485,378463
ITA,Europe,Italy,3/6/2021,3046762,23633,99578,307,2571,23272,42071509,355024
ITA,Europe,Italy,3/7/2021,3067486,20724,99785,207,2605,23749,42342845,271336
ITA,Europe,Italy,3/8/2021,3081368,13882,100103,318,2700,24531,42527529,184684
ITA,Europe,Italy,3/9/2021,3101093,19725,100479,376,2756,25149,42873501,345972
ITA,Europe,Italy,3/10/2021,3123368,22275,100811,332,2827,25709,43234541,361040
ITA,Europe,Italy,3/11/2021,3149017,25649,101184,373,2859,26106,43606758,372217
ITA,Europe,Italy,3/12/2021,3175807,26790,101564,380,2914,26570,43976394,369636
ITA,Europe,Italy,3/13/2021,3201838,26031,101881,317,2982,27135,44349338,372944
ITA,Europe,Italy,3/14/2021,3223142,21304,102145,264,3082,27600,44623304,273966
ITA,Europe,Italy,3/15/2021,3238394,15252,102499,354,3157,28495,44802319,179015
ITA,Europe,Italy,3/16/2021,3258770,20376,103001,502,3256,29354,45171694,369375
ITA,Europe,Italy,3/17/2021,3281810,23040,103432,431,3317,29834,45540778,369084
ITA,Europe,Italy,3/18/2021,3306711,24901,103855,423,3333,30027,45894515,353737
ITA,Europe,Italy,3/19/2021,3332418,25707,104241,386,3364,30222,46259337,364822
ITA,Europe,Italy,3/20/2021,3356331,23913,104642,401,3387,30448,46613817,354480
ITA,Europe,Italy,3/21/2021,3376376,20045,104942,300,3448,30932,46890903,277086
ITA,Europe,Italy,3/22/2021,3400877,24501,105328,386,3510,31559,47060099,169196
ITA,Europe,Italy,3/23/2021,3419616,18739,105879,551,3546,31974,47395288,335189
ITA,Europe,Italy,3/24/2021,3440862,21246,106339,460,3588,32026,47759055,363767
ITA,Europe,Italy,3/25/2021,3464543,23681,106799,460,3620,32044,48108527,349472
ITA,Europe,Italy,3/26/2021,3488619,24076,107256,457,3628,32100,48463509,354982
ITA,Europe,Italy,3/27/2021,3512453,23834,107636,380,3635,32256,48820585,357076
ITA,Europe,Italy,3/28/2021,3532057,19604,107933,297,3679,32380,49093288,272703
ITA,Europe,Italy,3/29/2021,3544957,12900,108350,417,3721,32884,49249985,156697
ITA,Europe,Italy,3/30/2021,3561012,16055,108879,529,3716,32947,49551432,301447
ITA,Europe,Italy,3/31/2021,3584899,23887,109346,467,3710,32890,49902497,351065
ITA,Europe,Italy,4/1/2021,3607083,22184,109847,501,3681,32630,50258742,356245
ITA,Europe,Italy,4/2/2021,3629000,21917,110328,481,3704,32408,50589896,331154
ITA,Europe,Italy,4/3/2021,3650247,21247,110704,376,3714,32203,50949110,359214
ITA,Europe,Italy,4/4/2021,3668264,18017,111030,326,3703,32135,51200043,250933
ITA,Europe,Italy,4/5/2021,3678944,10680,111326,296,3737,32522,51302838,102795
ITA,Europe,Italy,4/6/2021,3686707,7763,111747,421,3743,33080,51415800,112962
ITA,Europe,Italy,4/7/2021,3700393,13686,112374,627,3683,32999,51755739,339939
ITA,Europe,Italy,4/8/2021,3717602,17209,112861,487,3663,32514,52117901,362162
ITA,Europe,Italy,4/9/2021,3736526,18924,113579,718,3603,31749,52466904,349003
ITA,Europe,Italy,4/10/2021,3754077,17551,113923,344,3588,31242,52801766,334862
ITA,Europe,Italy,4/11/2021,3769814,15737,114254,331,3585,30836,53054866,253100
ITA,Europe,Italy,4/12/2021,3779594,9780,114612,358,3593,30922,53245501,190635
ITA,Europe,Italy,4/13/2021,3793033,13439,115088,476,3526,30478,53550491,304990
ITA,Europe,Italy,4/14/2021,3809193,16160,115557,469,3490,29859,53885257,334766
ITA,Europe,Italy,4/15/2021,3826156,16963,115937,380,3417,29004,54204890,319633
ITA,Europe,Italy,4/16/2021,3842079,15923,116366,429,3366,28109,54532594,327704
ITA,Europe,Italy,4/17/2021,3857443,15364,116676,310,3340,27440,54864328,331734
ITA,Europe,Italy,4/18/2021,3870131,12688,116927,251,3311,26959,55094444,230116
ITA,Europe,Italy,4/19/2021,3878994,8863,117243,316,3244,26986,55241172,146728
ITA,Europe,Italy,4/20/2021,3891063,12069,117633,390,3151,26406,55535217,294045
ITA,Europe,Italy,4/21/2021,3904899,13836,117997,364,3076,25860,55885251,350034
ITA,Europe,Italy,4/22/2021,3920945,16046,118357,360,3021,25115,56250055,364804
ITA,Europe,Italy,4/23/2021,3935703,14758,118699,342,2979,24419,56565755,315700
ITA,Europe,Italy,4/24/2021,3949517,13814,119021,322,2894,23865,56886535,320780
ITA,Europe,Italy,4/25/2021,3962674,13157,119238,217,2862,23524,57126017,239482
ITA,Europe,Italy,4/26/2021,3971114,8440,119539,301,2849,23484,57271836,145819
ITA,Europe,Italy,4/27/2021,3981512,10398,119912,373,2748,23060,57574570,302734
ITA,Europe,Italy,4/28/2021,3994894,13382,120256,344,2711,22571,57910906,336336
ITA,Europe,Italy,4/29/2021,4009208,14314,120544,288,2640,21991,58240981,330075
ITA,Europe,Italy,4/30/2021,4022653,13445,120807,263,2583,21523,58579752,338771
ITA,Europe,Italy,5/1/2021,4035617,12964,121033,226,2522,20903,58957954,378202
ITA,Europe,Italy,5/2/2021,4044762,9145,121177,144,2524,20869,59114826,156872
ITA,Europe,Italy,5/3/2021,4050708,5946,121433,256,2490,20885,59236655,121829
ITA,Europe,Italy,5/4/2021,4059821,9113,121738,305,2423,20599,59552161,315506
ITA,Europe,Italy,5/5/2021,4070400,10579,122005,267,2368,19888,59879330,327169
ITA,Europe,Italy,5/6/2021,4082198,11798,122263,258,2308,19175,60203970,324640
ITA,Europe,Italy,5/7/2021,4092747,10549,122470,207,2253,18584,60532582,328612
ITA,Europe,Italy,5/8/2021,4102921,10174,122694,224,2211,18010,60871018,338436
ITA,Europe,Italy,5/9/2021,4111210,8289,122833,139,2192,17612,61097024,226006
ITA,Europe,Italy,5/10/2021,4116287,5077,123031,198,2158,17585,61227024,130000
ITA,Europe,Italy,5/11/2021,4123230,6943,123282,251,2056,16993,61513452,286428
ITA,Europe,Italy,5/12/2021,4131078,7848,123544,262,1992,16272,61820196,306744
ITA,Europe,Italy,5/13/2021,4139160,8082,123745,201,1893,15501,62107222,287026
ITA,Europe,Italy,5/14/2021,4146722,7562,123927,182,1860,14910,62405408,298186
ITA,Europe,Italy,5/15/2021,4153374,6652,124063,136,1805,14298,62700094,294686
ITA,Europe,Italy,5/16/2021,4159122,5748,124156,93,1779,13913,62902667,202573
ITA,Europe,Italy,5/17/2021,4162576,3454,124296,140,1754,13778,63021591,118924
ITA,Europe,Italy,5/18/2021,4167025,4449,124497,201,1689,13228,63284455,262864
ITA,Europe,Italy,5/19/2021,4172525,5500,124646,149,1643,12661,63571711,287256
ITA,Europe,Italy,5/20/2021,4178261,5736,124810,164,1544,11927,63822748,251037
ITA,Europe,Italy,5/21/2021,4183476,5215,125028,218,1469,11394,64092492,269744
ITA,Europe,Italy,5/22/2021,4188190,4714,125153,125,1430,10918,64379095,286603
ITA,Europe,Italy,5/23/2021,4192183,3993,125225,72,1410,10571,64558486,179391
ITA,Europe,Italy,5/24/2021,4194672,2489,125335,110,1382,10332,64665967,107481
ITA,Europe,Italy,5/25/2021,4197892,3220,125501,166,1323,9880,64918613,252646
ITA,Europe,Italy,5/26/2021,4201827,3935,125622,121,1278,9396,65179575,260962
ITA,Europe,Italy,5/27/2021,4205970,4143,125793,171,1206,8913,65423542,243967
ITA,Europe,Italy,5/28/2021,4209707,3737,125919,126,1142,8334,65673453,249911
ITA,Europe,Italy,5/29/2021,4213055,3348,126002,83,1095,7895,65920783,247330
ITA,Europe,Italy,5/30/2021,4216003,2948,126046,44,1061,7652,66085278,164495
ITA,Europe,Italy,5/31/2021,4217821,1818,126128,82,1033,7515,66172255,86977
ITA,Europe,Italy,6/1/2021,4220304,2483,126221,93,989,7181,66394073,221818
ITA,Europe,Italy,6/2/2021,4223200,2896,126283,62,933,6791,66620345,226272
ITA,Europe,Italy,6/3/2021,4225163,1963,126342,59,892,6609,66717978,97633
ITA,Europe,Italy,6/4/2021,4227719,2556,126415,73,836,6324,66938917,220939
ITA,Europe,Italy,6/5/2021,4230153,2434,126472,57,788,5981,67177549,238632
ITA,Europe,Italy,6/6/2021,4232428,2275,126523,51,774,5737,67327507,149958
ITA,Europe,Italy,6/7/2021,4233698,1270,126588,65,759,5669,67412074,84567
ITA,Europe,Italy,6/8/2021,4235592,1894,126690,102,688,5373,67632991,220917
ITA,Europe,Italy,6/9/2021,4237790,2198,126767,77,661,5043,67851729,218738
ITA,Europe,Italy,6/10/2021,4239868,2078,126855,88,626,4779,68039849,188120
ITA,Europe,Italy,6/11/2021,4241760,1892,126924,69,597,4473,68257459,217610
ITA,Europe,Italy,6/12/2021,4243482,1722,126976,52,574,4229,68470425,212966
ITA,Europe,Italy,6/13/2021,4244872,1390,127002,26,565,4107,68604561,134136
ITA,Europe,Italy,6/14/2021,4245779,907,127038,36,536,4001,68683489,78928
ITA,Europe,Italy,6/15/2021,4247032,1253,127101,63,504,3837,68896197,212708
ITA,Europe,Italy,6/16/2021,4248432,1400,127153,52,471,3535,69099370,203173
ITA,Europe,Italy,6/17/2021,4249755,1323,127190,37,444,3332,69299685,200315
ITA,Europe,Italy,6/18/2021,4250902,1147,127225,35,416,3096,69515711,216026
ITA,Europe,Italy,6/19/2021,4252095,1193,127253,28,394,2898,69765699,249988
ITA,Europe,Italy,6/20/2021,4252976,881,127270,17,389,2833,69916221,150522
ITA,Europe,Italy,6/21/2021,4253460,484,127291,21,385,2775,69997973,81752
ITA,Europe,Italy,6/22/2021,4254294,834,127322,31,362,2651,70190855,192882
ITA,Europe,Italy,6/23/2021,4255434,1140,127352,30,344,2484,70388886,198031
ITA,Europe,Italy,6/24/2021,4255700,266,127362,10,328,2355,70577077,188191
ITA,Europe,Italy,6/25/2021,4256451,751,127418,56,306,2205,70769618,192541
ITA,Europe,Italy,6/26/2021,4257289,838,127458,40,298,2069,70994111,224493
ITA,Europe,Italy,6/27/2021,4258069,780,127472,14,294,2037,71131694,137583
ITA,Europe,Italy,6/28/2021,4258456,387,127500,28,289,2012,71207555,75861
ITA,Europe,Italy,6/29/2021,4259133,677,127542,42,270,1946,71398190,190635
ITA,Europe,Italy,6/30/2021,4259909,776,127566,24,247,1840,71583206,185016
ITA,Europe,Italy,7/1/2021,4260788,879,127587,21,229,1761,71771680,188474
ITA,Europe,Italy,7/2/2021,4261582,794,127615,28,213,1682,71970918,199238
ITA,Europe,Italy,7/3/2021,4262511,929,127637,22,204,1598,72199045,228127
ITA,Europe,Italy,7/4/2021,4263317,806,127649,12,197,1561,72340685,141640
ITA,Europe,Italy,7/5/2021,4263797,480,127680,31,191,1528,72415334,74649
ITA,Europe,Italy,7/6/2021,4264704,907,127704,24,187,1458,72607758,192424
ITA,Europe,Italy,7/7/2021,4265714,1010,127718,14,180,1414,72785735,177977
ITA,Europe,Italy,7/8/2021,4267105,1391,127731,13,180,1377,72960587,174852
ITA,Europe,Italy,7/9/2021,4268491,1386,127756,25,169,1336,73157509,196922
ITA,Europe,Italy,7/10/2021,4269885,1394,127768,12,161,1308,73365928,208419
ITA,Europe,Italy,7/11/2021,4271276,1391,127775,7,161,1295,73509260,143332
ITA,Europe,Italy,7/12/2021,4272163,887,127788,13,158,1307,73582831,73571
ITA,Europe,Italy,7/13/2021,4273693,1530,127808,20,157,1285,73775374,192543
ITA,Europe,Italy,7/14/2021,4275846,2153,127831,23,151,1259,73985973,210599
ITA,Europe,Italy,7/15/2021,4278319,2473,127840,9,153,1242,74176895,190922
ITA,Europe,Italy,7/16/2021,4281214,2895,127851,11,161,1249,74382497,205602
ITA,Europe,Italy,7/17/2021,4284332,3118,127864,13,162,1273,74627294,244797
ITA,Europe,Italy,7/18/2021,4287458,3126,127867,3,156,1292,74792563,165269
ITA,Europe,Italy,7/19/2021,4289528,2070,127874,7,162,1350,74881652,89089
ITA,Europe,Italy,7/20/2021,4293083,3555,127884,10,165,1359,75100357,218705
ITA,Europe,Italy,7/21/2021,4297337,4254,127905,21,158,1354,75335454,235097
ITA,Europe,Italy,7/22/2021,4302393,5056,127920,15,158,1392,75555232,219778
ITA,Europe,Italy,7/23/2021,4307535,5142,127937,17,155,1459,75792867,237635
ITA,Europe,Italy,7/24/2021,4312673,5138,127942,5,172,1512,76051796,258929
ITA,Europe,Italy,7/25/2021,4317415,4742,127949,7,178,1570,76228449,176653
ITA,Europe,Italy,7/26/2021,4320530,3115,127971,22,182,1694,76316696,88247
ITA,Europe,Italy,7/27/2021,4325046,4516,127995,24,189,1800,76558586,241890
ITA,Europe,Italy,7/28/2021,4330739,5693,128010,15,183,1868,76807058,248472
ITA,Europe,Italy,7/29/2021,4336906,6167,128029,19,194,1924,77031848,224790
ITA,Europe,Italy,7/30/2021,4343519,6613,128047,18,201,2013,77279334,247486
ITA,Europe,Italy,7/31/2021,4350028,6509,128063,16,214,2065,77544194,264860
ITA,Europe,Italy,8/1/2021,4355348,5320,128068,5,230,2184,77711955,167761
ITA,Europe,Italy,8/2/2021,4358533,3185,128088,20,249,2319,77795178,83223
ITA,Europe,Italy,8/3/2021,4363374,4841,128115,27,258,2454,78004897,209719
ITA,Europe,Italy,8/4/2021,4369964,6590,128136,21,260,2569,78220645,215748
ITA,Europe,Italy,8/5/2021,4377188,7224,128163,27,268,2677,78432872,212227
ITA,Europe,Italy,8/6/2021,4383787,6599,128187,24,277,2726,78677529,244657
ITA,Europe,Italy,8/7/2021,4390684,6897,128209,22,288,2821,78971392,293863
ITA,Europe,Italy,8/8/2021,4396417,5733,128220,11,299,2930,79174903,203511
ITA,Europe,Italy,8/9/2021,4400617,4200,128242,22,323,3109,79277767,102864
ITA,Europe,Italy,8/10/2021,4406241,5624,128273,31,322,3202,79519533,241766
ITA,Europe,Italy,8/11/2021,4413162,6921,128304,31,337,3285,79749572,230039
ITA,Europe,Italy,8/12/2021,4420429,7267,128334,30,352,3327,79966541,216969
ITA,Europe,Italy,8/13/2021,4427827,7398,128379,45,369,3402,80192027,225486
ITA,Europe,Italy,8/14/2021,4435008,7181,128413,34,372,3473,80446033,254006
ITA,Europe,Italy,8/15/2021,4440669,5661,128432,19,384,3546,80606903,160870
ITA,Europe,Italy,8/16/2021,4444338,3669,128456,24,404,3738,80680924,74021
ITA,Europe,Italy,8/17/2021,4449606,5268,128510,54,423,3895,80918997,238073
ITA,Europe,Italy,8/18/2021,4456765,7159,128579,69,442,4001,81145420,226423
ITA,Europe,Italy,8/19/2021,4464005,7240,128634,55,460,4087,81351951,206531
ITA,Europe,Italy,8/20/2021,4471225,7220,128683,49,455,4147,81572607,220656
ITA,Europe,Italy,8/21/2021,4478691,7466,128728,45,466,4199,81827825,255218
ITA,Europe,Italy,8/22/2021,4484613,5922,128751,23,472,4239,82003364,175539
ITA,Europe,Italy,8/23/2021,4488779,4166,128795,44,485,4413,82104705,101341
ITA,Europe,Italy,8/24/2021,4494857,6078,128855,60,504,4540,82370951,266246
ITA,Europe,Italy,8/25/2021,4502396,7539,128914,59,499,4522,82615371,244420
ITA,Europe,Italy,8/26/2021,4509611,7215,128957,43,503,4562,82836243,220872
ITA,Europe,Italy,8/27/2021,4517434,7823,129002,45,511,4625,83101723,265480
ITA,Europe,Italy,8/28/2021,4524292,6858,129056,54,511,4622,83395187,293464
ITA,Europe,Italy,8/29/2021,4530246,5954,129093,37,525,4658,83618273,223086
ITA,Europe,Italy,8/30/2021,4534499,4253,129146,53,548,4812,83728076,109803
ITA,Europe,Italy,8/31/2021,4539991,5492,129221,75,544,4796,84035719,307643
ITA,Europe,Italy,9/1/2021,4546487,6496,129290,69,540,4771,84339436,303717
ITA,Europe,Italy,9/2/2021,4553241,6754,129352,62,555,4760,84632503,293067
ITA,Europe,Italy,9/3/2021,4559970,6729,129410,58,556,4720,84928897,296394
ITA,Europe,Italy,9/4/2021,4566126,6156,129466,56,569,4773,85260247,331350
ITA,Europe,Italy,9/5/2021,4571440,5314,129515,49,572,4788,85520003,259756
ITA,Europe,Italy,9/6/2021,4574787,3347,129567,52,570,4872,85654396,134393
ITA,Europe,Italy,9/7/2021,4579502,4715,129638,71,563,4870,85973261,318865
ITA,Europe,Italy,9/8/2021,4585423,5921,129707,69,564,4799,86275241,301980
ITA,Europe,Italy,9/9/2021,4590941,5518,129766,59,558,4788,86566709,291468
ITA,Europe,Italy,9/10/2021,4596558,5617,129828,62,548,4712,86852737,286028
ITA,Europe,Italy,9/11/2021,4601749,5191,129885,57,547,4664,87186478,333741
ITA,Europe,Italy,9/12/2021,4606413,4664,129919,34,559,4672,87453836,267358
ITA,Europe,Italy,9/13/2021,4609205,2792,129955,36,563,4763,87573881,120045
ITA,Europe,Italy,9/14/2021,4613214,4009,130027,72,554,4719,87892474,318593
ITA,Europe,Italy,9/15/2021,4618040,4826,130100,73,540,4668,88210140,317666
ITA,Europe,Italy,9/16/2021,4623155,5115,130167,67,531,4549,88516407,306267
ITA,Europe,Italy,9/17/2021,4627699,4544,130233,66,525,4514,88800986,284579
ITA,Europe,Italy,9/18/2021,4632275,4576,130284,51,519,4477,89156919,355933
ITA,Europe,Italy,9/19/2021,4636111,3836,130310,26,530,4459,89420490,263571
ITA,Europe,Italy,9/20/2021,4638516,2405,130354,44,523,4505,89542931,122441
ITA,Europe,Italy,9/21/2021,4641890,3374,130421,67,516,4453,89873206,330275
ITA,Europe,Italy,9/22/2021,4645853,3963,130488,67,513,4309,90166078,292872
ITA,Europe,Italy,9/23/2021,4649906,4053,130551,63,505,4155,90477853,311775
ITA,Europe,Italy,9/24/2021,4653696,3790,130603,52,489,4042,90765140,287287
ITA,Europe,Italy,9/25/2021,4657215,3519,130653,50,481,3978,91122631,357491
ITA,Europe,Italy,9/26/2021,4660314,3099,130697,44,483,3918,91398852,276221
ITA,Europe,Italy,9/27/2021,4662087,1773,130742,45,488,3975,91522929,124077
ITA,Europe,Italy,9/28/2021,4665049,2962,130807,65,459,3877,91861354,338425
ITA,Europe,Italy,9/29/2021,4668261,3212,130870,63,450,3767,92156806,295452
ITA,Europe,Italy,9/30/2021,4672355,4094,130921,51,440,3638,92465642,308836
ITA,Europe,Italy,10/1/2021,4675758,3403,130973,52,429,3547,92759111,293469
ITA,Europe,Italy,10/2/2021,4679067,3309,130998,25,432,3489,93115007,355896
ITA,Europe,Italy,10/3/2021,4682034,2967,131031,33,431,3422,93400967,285960
ITA,Europe,Italy,10/4/2021,4683646,1612,131068,37,437,3469,93523181,122214
ITA,Europe,Italy,10/5/2021,4686109,2463,131118,50,433,3401,93845463,322282
ITA,Europe,Italy,10/6/2021,4689341,3232,131157,39,415,3287,94147236,301773
ITA,Europe,Italy,10/7/2021,4692274,2933,131198,41,403,3227,94444592,297356
ITA,Europe,Italy,10/8/2021,4695291,3017,131228,30,383,3125,94716158,271566
ITA,Europe,Italy,10/9/2021,4698038,2747,131274,46,367,3059,95061127,344969
ITA,Europe,Italy,10/10/2021,4700316,2278,131301,27,364,3015,95331171,270044
ITA,Europe,Italy,10/11/2021,4701832,1516,131335,34,374,3062,95445947,114776
ITA,Europe,Italy,10/12/2021,4704318,2486,131384,49,370,3035,95761232,315285
ITA,Europe,Italy,10/13/2021,4707087,2769,131421,37,367,2919,96040177,278945
ITA,Europe,Italy,10/14/2021,4709753,2666,131461,40,359,2838,96364791,324614
ITA,Europe,Italy,10/15/2021,4712482,2729,131503,42,357,2802,96870834,506043
ITA,Europe,Italy,10/16/2021,4715464,2982,131517,14,352,2723,97343369,472535
ITA,Europe,Italy,10/17/2021,4717899,2435,131541,24,349,2735,97724420,381051
ITA,Europe,Italy,10/18/2021,4719493,1594,131585,44,358,2786,97944298,219878
ITA,Europe,Italy,10/19/2021,4722188,2695,131655,70,355,2778,98606298,662000
ITA,Europe,Italy,10/20/2021,4725887,3699,131688,33,355,2819,99091911,485613
ITA,Europe,Italy,10/21/2021,4729678,3791,131724,36,356,2795,99666582,574671
ITA,Europe,Italy,10/22/2021,4733557,3879,131763,39,343,2786,100153800,487218
ITA,Europe,Italy,10/23/2021,4737462,3905,131802,39,338,2793,100645374,491574
ITA,Europe,Italy,10/24/2021,4741185,3723,131826,24,341,2814,101049089,403715
ITA,Europe,Italy,10/25/2021,4743720,2535,131856,30,338,2917,101271474,222385
ITA,Europe,Italy,10/26/2021,4747773,4053,131904,48,341,2945,101911219,639745
ITA,Europe,Italy,10/27/2021,4752368,4595,131954,50,341,2956,102379323,468104
ITA,Europe,Italy,10/28/2021,4757231,4863,132004,50,347,2956,102949658,570335
ITA,Europe,Italy,10/29/2021,4762563,5332,132037,33,349,3007,103424436,474778
ITA,Europe,Italy,10/30/2021,4767440,4877,132074,37,346,3053,103901788,477352
ITA,Europe,Italy,10/31/2021,4771965,4525,132100,26,342,3096,104251958,350170
ITA,Europe,Italy,11/1/2021,4774783,2818,132120,20,364,3227,104398683,146725
ITA,Europe,Italy,11/2/2021,4777614,2831,132161,41,385,3377,104637037,238354
ITA,Europe,Italy,11/3/2021,4782802,5188,132224,63,381,3410,105354348,717311
ITA,Europe,Italy,11/4/2021,4788704,5902,132283,59,383,3428,105868977,514629
ITA,Europe,Italy,11/5/2021,4795465,6761,132334,51,395,3519,106412391,543414
ITA,Europe,Italy,11/6/2021,4802225,6760,132365,31,392,3565,106904353,491962
ITA,Europe,Italy,11/7/2021,4808047,5822,132391,26,398,3613,107339124,434771
ITA,Europe,Italy,11/8/2021,4812594,4547,132423,32,415,3777,107588239,249115
ITA,Europe,Italy,11/9/2021,4818705,6111,132491,68,421,3857,108233928,645689
ITA,Europe,Italy,11/10/2021,4826738,8033,132551,60,423,3870,108721546,487618
ITA,Europe,Italy,11/11/2021,4835435,8697,132618,67,422,3931,109317358,595812
ITA,Europe,Italy,11/12/2021,4843957,8522,132686,68,445,3970,109816293,498935
ITA,Europe,Italy,11/13/2021,4852496,8539,132739,53,453,4050,110356664,540371
ITA,Europe,Italy,11/14/2021,4860061,7565,132775,36,458,4105,110802257,445593
ITA,Europe,Italy,11/15/2021,4865260,5199,132819,44,475,4283,111051082,248825
ITA,Europe,Italy,11/16/2021,4873075,7815,132893,74,481,4451,111735792,684710
ITA,Europe,Italy,11/17/2021,4883242,10167,132965,72,486,4546,112273557,537765
ITA,Europe,Italy,11/18/2021,4893887,10645,133034,69,503,4591,112899331,625774
ITA,Europe,Italy,11/19/2021,4904441,10554,133082,48,512,4657,113437819,538488
ITA,Europe,Italy,11/20/2021,4915981,11540,133131,49,512,4762,114012631,574812
ITA,Europe,Italy,11/21/2021,4925688,9707,133177,46,520,4865,114499740,487109
ITA,Europe,Italy,11/22/2021,4932091,6403,133247,70,549,5056,114767310,267570
ITA,Europe,Italy,11/23/2021,4942135,10044,133330,83,560,5157,115456590,689280
ITA,Europe,Italy,11/24/2021,4954585,12450,133415,85,573,5202,116019095,562505
ITA,Europe,Italy,11/25/2021,4968341,13756,133486,71,588,5277,116669093,649998
ITA,Europe,Italy,11/26/2021,4982022,13681,133537,51,606,5354,117226273,557180
ITA,Europe,Italy,11/27/2021,4994891,12869,133627,90,624,5450,117823171,596898
ITA,Europe,Italy,11/28/2021,5007818,12927,133674,47,638,5602,118335763,512592
ITA,Europe,Italy,11/29/2021,5015790,7972,133739,65,669,5804,118611763,276000
ITA,Europe,Italy,11/30/2021,5028547,12757,133828,89,683,5910,119331735,719972
ITA,Europe,Italy,12/1/2021,5043620,15073,133931,103,686,5934,119905510,573775
ITA,Europe,Italy,12/2/2021,5060430,16810,134003,72,698,5996,120584972,679462
ITA,Europe,Italy,12/3/2021,5077445,17015,134077,74,708,6093,121173417,588445
ITA,Europe,Italy,12/4/2021,5094072,16627,134152,75,732,6160,121810009,636592
ITA,Europe,Italy,12/5/2021,5109082,15010,134195,43,736,6333,122335117,525108
ITA,Europe,Italy,12/6/2021,5118576,9494,134287,92,743,6622,122636677,301560
ITA,Europe,Italy,12/7/2021,5134318,15742,134386,99,776,6854,123331813,695136
ITA,Europe,Italy,12/8/2021,5152264,17946,134472,86,791,6890,123896511,564698
ITA,Europe,Italy,12/9/2021,5164780,12516,134551,79,811,7144,124209339,312828
ITA,Europe,Italy,12/10/2021,5185270,20490,134669,118,816,7299,124925626,716287
ITA,Europe,Italy,12/11/2021,5206305,21035,134765,96,818,7357,125490703,565077
ITA,Europe,Italy,12/12/2021,5225517,19212,134831,66,829,7526,125992518,501815
ITA,Europe,Italy,12/13/2021,5238221,12704,134929,98,856,7807,126306054,313536
ITA,Europe,Italy,12/14/2021,5258886,20665,135049,120,863,8026,127082617,776563
ITA,Europe,Italy,12/15/2021,5282076,23190,135178,129,870,8179,127717255,634638
ITA,Europe,Italy,12/16/2021,5308180,26104,135301,123,917,8255,128435536,718281
ITA,Europe,Italy,12/17/2021,5336795,28615,135421,120,923,8443,129104696,669160
ITA,Europe,Italy,12/18/2021,5364852,28057,135544,123,953,8529,129802436,697740
ITA,Europe,Italy,12/19/2021,5389155,24303,135641,97,966,8692,130368736,566300
ITA,Europe,Italy,12/20/2021,5405360,16205,135778,137,987,9088,130705958,337222
ITA,Europe,Italy,12/21/2021,5436143,30783,135931,153,1012,9393,131557823,851865
ITA,Europe,Italy,12/22/2021,5472469,36326,136077,146,1010,9554,132337126,779303
ITA,Europe,Italy,12/23/2021,5517054,44585,136245,168,1023,9745,133238576,901450
ITA,Europe,Italy,12/24/2021,5567644,50590,136386,141,1038,9850,134168351,929775
ITA,Europe,Italy,12/25/2021,5622431,54787,136530,144,1071,9963,135138103,969752
ITA,Europe,Italy,12/26/2021,5647313,24882,136611,81,1089,10309,135355155,217052
ITA,Europe,Italy,12/27/2021,5678112,30799,136753,142,1126,10849,135699123,343968
ITA,Europe,Italy,12/28/2021,5756412,78300,136955,202,1145,11234,136733800,1034677
ITA,Europe,Italy,12/29/2021,5854428,98016,137091,136,1185,11763,137763229,1029429
ITA,Europe,Italy,12/30/2021,5981428,127000,137247,156,1226,12092,138913581,1150352
ITA,Europe,Italy,12/31/2021,6125683,144255,137402,155,1260,12410,140137606,1224025
ITA,Europe,Italy,1/1/2022,6266939,141256,137513,111,1297,12562,141268542,1130936
ITA,Europe,Italy,1/2/2022,6328076,61137,137646,133,1319,13075,141547196,278654
ITA,Europe,Italy,1/3/2022,6396110,68034,137786,140,1351,13684,141992517,445321
ITA,Europe,Italy,1/4/2022,6566947,170837,138045,259,1392,14304,143220927,1228410
ITA,Europe,Italy,1/5/2022,6756035,189088,138276,231,1428,14792,144315182,1094255
ITA,Europe,Italy,1/6/2022,6975465,219430,138474,198,1467,15294,145453492,1138310
ITA,Europe,Italy,1/7/2022,7083762,108297,138697,223,1499,16090,145945664,492172
ITA,Europe,Italy,1/8/2022,7281297,197535,138881,184,1557,16487,147165930,1220266
ITA,Europe,Italy,1/9/2022,7436939,155642,139038,157,1595,17242,148159131,993201
ITA,Europe,Italy,1/10/2022,7554344,117405,139265,227,1606,17946,148771952,612821
ITA,Europe,Italy,1/11/2022,7774863,220519,139559,294,1677,18744,150147466,1375514
ITA,Europe,Italy,1/12/2022,7971068,196205,139872,313,1669,18978,151338033,1190567
ITA,Europe,Italy,1/13/2022,8155645,184577,140188,316,1668,19316,152519212,1181179
ITA,Europe,Italy,1/14/2022,8356514,200869,140548,360,1679,19698,153651521,1132309
ITA,Europe,Italy,1/15/2022,8549450,192936,140856,308,1677,20047,154869351,1217830
ITA,Europe,Italy,1/16/2022,8706915,157465,141104,248,1691,20410,155797197,927846
ITA,Europe,Italy,1/17/2022,8790302,83387,141391,287,1717,20945,156338495,541298
ITA,Europe,Italy,1/18/2022,9018425,228123,141825,434,1715,21163,157819844,1481349
ITA,Europe,Italy,1/19/2022,9219391,200966,142205,380,1688,21188,159001733,1181889
ITA,Europe,Italy,1/20/2022,9418256,198865,142590,385,1698,21357,160111999,1110266
ITA,Europe,Italy,1/21/2022,9603856,185600,142963,373,1707,21192,161229552,1117553
ITA,Europe,Italy,1/22/2022,9781191,177335,143296,333,1676,21118,162273201,1043649
ITA,Europe,Italy,1/23/2022,9923678,142487,143523,227,1685,21312,163206585,933384
ITA,Europe,Italy,1/24/2022,10001344,77666,143875,352,1685,21547,163725878,519293
ITA,Europe,Italy,1/25/2022,10212621,211277,144343,468,1691,21728,165147423,1421545
ITA,Europe,Italy,1/26/2022,10383561,170940,144770,427,1665,21666,166244710,1097287
ITA,Europe,Italy,1/27/2022,10539601,156040,145159,389,1645,21498,167284466,1039756
ITA,Europe,Italy,1/28/2022,10683948,144347,145537,378,1630,21426,168335754,1051288
ITA,Europe,Italy,1/29/2022,10821375,137427,145914,377,1588,21224,169335244,999490
ITA,Europe,Italy,1/30/2022,10925485,104110,146149,235,1593,21210,170153413,818169
ITA,Europe,Italy,1/31/2022,10983116,57631,146498,349,1584,21497,170631727,478314
ITA,Europe,Italy,2/1/2022,11116422,133306,146925,427,1549,21422,171878714,1246987
ITA,Europe,Italy,2/2/2022,11235745,119323,147320,395,1524,21074,172843235,964521
ITA,Europe,Italy,2/3/2022,11348701,112956,147734,414,1457,20781,173758572,915337
ITA,Europe,Italy,2/4/2022,11449601,100900,148167,433,1440,20440,174643465,884893
ITA,Europe,Italy,2/5/2022,11542793,93192,148542,375,1411,20026,175489945,846480
ITA,Europe,Italy,2/6/2022,11621736,78943,148771,229,1431,19929,176176489,686544
ITA,Europe,Italy,2/7/2022,11663338,41602,149097,326,1423,20098,176570152,393663
ITA,Europe,Italy,2/8/2022,11765767,102429,149512,415,1376,19713,177569247,999095
ITA,Europe,Italy,2/9/2022,11847436,81669,149896,384,1350,19282,178300531,731284
ITA,Europe,Italy,2/10/2022,11923631,76195,150221,325,1322,18676,178984246,683715
ITA,Europe,Italy,2/11/2022,11991109,67478,150555,334,1265,18089,179648032,663786
ITA,Europe,Italy,2/12/2022,12053330,62221,150824,269,1223,17533,180235677,587645
ITA,Europe,Italy,2/13/2022,12105675,52345,151015,191,1190,17250,180698558,462881
ITA,Europe,Italy,2/14/2022,12134451,28776,151296,281,1173,17223,180982449,283891
ITA,Europe,Italy,2/15/2022,12205474,71023,151684,388,1119,16721,181678193,695744
ITA,Europe,Italy,2/16/2022,12265343,59869,151962,278,1073,16200,182233273,555080
ITA,Europe,Italy,2/17/2022,12323398,58055,152282,320,1037,15599,182771404,538131
ITA,Europe,Italy,2/18/2022,12377098,53700,152596,314,987,14935,183281687,510283
ITA,Europe,Italy,2/19/2022,12427773,50675,152848,252,953,14340,183773732,492045
ITA,Europe,Italy,2/20/2022,12469975,42202,152989,141,934,14218,184146508,372776
ITA,Europe,Italy,2/21/2022,12494459,24484,153190,201,928,14303,184378274,231766
ITA,Europe,Italy,2/22/2022,12554596,60137,153512,322,896,13972,184981913,603639
ITA,Europe,Italy,2/23/2022,12603758,49162,153764,252,886,13413,185461360,479447
ITA,Europe,Italy,2/24/2022,12651251,47493,154013,249,839,12964,185945890,484530
ITA,Europe,Italy,2/25/2022,12693320,42069,154206,193,799,12505,186386005,440115
ITA,Europe,Italy,2/26/2022,12732680,39360,154416,210,763,11866,186820082,434077
ITA,Europe,Italy,2/27/2022,12764558,31878,154560,144,733,11601,187137866,317784
ITA,Europe,Italy,2/28/2022,12782836,18278,154767,207,714,11565,187336379,198513
ITA,Europe,Italy,3/1/2022,12829972,47136,155000,233,708,11164,187867237,530858
ITA,Europe,Italy,3/2/2022,12867918,37946,155214,214,681,10635,188282525,415288
ITA,Europe,Italy,3/3/2022,12910506,42588,155399,185,654,10253,188713837,431312
ITA,Europe,Italy,3/4/2022,12948859,38353,155609,210,625,9922,189102673,388836
ITA,Europe,Italy,3/5/2022,12990223,41364,155782,173,609,9583,189484157,381484
ITA,Europe,Italy,3/6/2022,13026112,35889,155887,105,603,9431,189780403,296246
ITA,Europe,Italy,3/7/2022,13048774,22662,156017,130,610,9599,189968677,188274
ITA,Europe,Italy,3/8/2022,13109527,60753,156201,184,592,9368,190499871,531194
ITA,Europe,Italy,3/9/2022,13159342,49815,156357,156,563,9138,190933832,433961
ITA,Europe,Italy,3/10/2022,13214498,55156,156493,136,545,8959,191387173,453341
ITA,Europe,Italy,3/11/2022,13268459,53961,156649,156,527,8801,191812811,425638
ITA,Europe,Italy,3/12/2022,13323179,54720,156782,133,513,8747,192230588,417777
ITA,Europe,Italy,3/13/2022,13373207,50028,156868,86,516,8756,192560616,330028
ITA,Europe,Italy,3/14/2022,13402905,29698,156997,129,518,8986,192765493,204877
ITA,Europe,Italy,3/15/2022,13489319,86414,157177,180,502,8975,193352508,587015
ITA,Europe,Italy,3/16/2022,13563466,74147,157314,137,477,8887,193843219,490711
ITA,Europe,Italy,3/17/2022,13645834,82368,157442,128,473,8870,194373101,529882
ITA,Europe,Italy,3/18/2022,13724411,78577,157607,165,474,8877,194863984,490883
ITA,Europe,Italy,3/19/2022,13800179,75768,157692,85,471,8790,195342035,478051
ITA,Europe,Italy,3/20/2022,13861743,61564,157785,93,467,8897,195712501,370466
ITA,Europe,Italy,3/21/2022,13895188,33445,157904,119,463,9191,195930717,218216
ITA,Europe,Italy,3/22/2022,13992092,96904,158101,197,455,9424,196572613,641896
ITA,Europe,Italy,3/23/2022,14070450,78358,158254,153,466,9405,197086357,513744
ITA,Europe,Italy,3/24/2022,14153098,82648,158436,182,447,9476,197631659,545302
ITA,Europe,Italy,3/25/2022,14229495,76397,158582,146,447,9441,198135632,503973
ITA,Europe,Italy,3/26/2022,14304111,74616,158700,118,452,9475,198639817,504185
ITA,Europe,Italy,3/27/2022,14364723,60612,158782,82,464,9645,199024140,384323
ITA,Europe,Italy,3/28/2022,14396283,31560,158877,95,487,9983,199235675,211535
ITA,Europe,Italy,3/29/2022,14496579,100296,159054,177,487,10227,199896383,660708
ITA,Europe,Italy,3/30/2022,14567990,71411,159224,170,481,10352,200421282,524899
ITA,Europe,Italy,3/31/2022,14642354,74364,159383,159,468,10366,200908095,486813
ITA,Europe,Italy,4/1/2022,14719394,77040,159537,154,476,10457,201422918,514823
ITA,Europe,Italy,4/2/2022,14790806,71412,159666,129,493,10442,201899959,477041
ITA,Europe,Italy,4/3/2022,14845815,55009,159784,118,489,10506,202264141,364182
ITA,Europe,Italy,4/4/2022,14877144,31329,159909,125,483,10724,203647359,1383218
ITA,Europe,Italy,4/5/2022,14966058,88914,160103,194,471,10717,204235935,588576
ITA,Europe,Italy,4/6/2022,15035943,69885,160253,150,466,10630,204697383,461448
ITA,Europe,Italy,4/7/2022,15106066,70123,160402,149,471,10549,205167186,469803
ITA,Europe,Italy,4/8/2022,15173707,67641,160546,144,462,10564,205609215,442029
ITA,Europe,Italy,4/9/2022,15238128,64421,160658,112,462,10485,206047664,438449
ITA,Europe,Italy,4/10/2022,15292048,53920,160748,90,465,10503,206399929,352265
ITA,Europe,Italy,4/11/2022,15320753,28705,160863,115,466,10722,206592711,192782
ITA,Europe,Italy,4/12/2022,15404809,84056,161032,169,463,10670,207155729,563018
ITA,Europe,Italy,4/13/2022,15467395,62586,161187,155,449,10615,207575724,419995
ITA,Europe,Italy,4/14/2022,15533012,65617,161336,149,420,10495,208014099,438375
ITA,Europe,Italy,4/15/2022,15595302,62290,161469,133,419,10399,208411581,397482
ITA,Europe,Italy,4/16/2022,15659835,64533,161602,133,411,10289,208836063,424482
ITA,Europe,Italy,4/17/2022,15712088,52253,161687,85,403,10161,209170287,334224
ITA,Europe,Italy,4/18/2022,15730676,18588,161766,79,411,10351,209276026,105739
ITA,Europe,Italy,4/19/2022,15758002,27326,161893,127,422,10636,209450124,174098
ITA,Europe,Italy,4/20/2022,15858442,100440,162098,205,413,10620,210060724,610600
ITA,Europe,Italy,4/21/2022,15934437,75995,162264,166,415,10646,210506904,446180
ITA,Europe,Italy,4/22/2022,16008181,73744,162466,202,411,10487,210944097,437193
ITA,Europe,Italy,4/23/2022,16079209,71028,162609,143,409,10323,211365630,421533
ITA,Europe,Italy,4/24/2022,16136057,56848,162688,79,416,10311,211691841,326211
ITA,Europe,Italy,4/25/2022,16161339,25282,162781,93,416,10466,211830644,138803
ITA,Europe,Italy,4/26/2022,16191323,29984,162927,146,409,10737,212013319,182675
ITA,Europe,Italy,4/27/2022,16279754,88431,163113,186,394,10549,212567845,554526
ITA,Europe,Italy,4/28/2022,16349788,70034,163244,131,382,10458,213009371,441526
ITA,Europe,Italy,4/29/2022,16409183,59395,163377,133,371,10313,213390610,381239
ITA,Europe,Italy,4/30/2022,16463200,54017,163507,130,366,10192,213773683,383073
ITA,Europe,Italy,5/1/2022,16504791,41591,163612,105,366,10104,214061284,287601
ITA,Europe,Italy,5/2/2022,16523859,19068,163736,124,368,10162,214183728,122444
ITA,Europe,Italy,5/3/2022,16586268,62409,163889,153,366,10061,214594775,411047
ITA,Europe,Italy,5/4/2022,16633911,47643,164041,152,371,9985,214930050,335275
ITA,Europe,Italy,5/5/2022,16682626,48715,164179,138,369,9753,215257228,327178
ITA,Europe,Italy,5/6/2022,16726990,44364,164304,125,363,9527,215559634,302406
ITA,Europe,Italy,5/7/2022,16767773,40783,164417,113,355,9170,215865197,305563
ITA,Europe,Italy,5/8/2022,16798998,31225,164489,72,356,9011,216068651,203454
ITA,Europe,Italy,5/9/2022,16816419,17421,164573,84,363,9098,216195210,126559
ITA,Europe,Italy,5/10/2022,16872618,56199,164731,158,358,8937,216566431,371221
ITA,Europe,Italy,5/11/2022,16915301,42683,164846,115,338,8750,216861042,294611
ITA,Europe,Italy,5/12/2022,16954784,39483,164976,130,334,8492,217129696,268654
ITA,Europe,Italy,5/13/2022,16993813,39029,165091,115,341,8248,217395343,265647
ITA,Europe,Italy,5/14/2022,17030147,36334,165182,91,340,7990,217659090,263747
ITA,Europe,Italy,5/15/2022,17057873,27726,165244,62,347,7879,217853667,194577
ITA,Europe,Italy,5/16/2022,17071649,13776,165346,102,353,7984,217958460,104793
ITA,Europe,Italy,5/17/2022,17116550,44901,165494,148,337,7802,218293677,335217
ITA,Europe,Italy,5/18/2022,17147477,30927,165630,136,318,7594,218557950,264273
ITA,Europe,Italy,5/19/2022,17178199,30722,165738,108,308,7328,218805421,247471
ITA,Europe,Italy,5/20/2022,17205017,26818,165827,89,307,7119,219039166,233745
ITA,Europe,Italy,5/21/2022,17229263,24246,165918,91,301,6871,219271097,231931
ITA,Europe,Italy,5/22/2022,17247552,18289,165952,34,292,6692,219432092,160995
ITA,Europe,Italy,5/23/2022,17257573,10021,166032,80,291,6679,219525905,93813
ITA,Europe,Italy,5/24/2022,17288287,30714,166127,95,286,6526,219814768,288863
ITA,Europe,Italy,5/25/2022,17312432,24145,166264,137,271,6240,220034869,220101
ITA,Europe,Italy,5/26/2022,17333299,20867,166358,94,259,5995,220251857,216988
ITA,Europe,Italy,5/27/2022,17355119,21820,166476,118,252,5810,220450754,198897
ITA,Europe,Italy,5/28/2022,17373741,18622,166542,66,250,5598,220643937,193183
ITA,Europe,Italy,5/29/2022,17388877,15136,166569,27,260,5494,220786003,142066
ITA,Europe,Italy,5/30/2022,17396723,7846,166631,62,255,5536,220866180,80177
ITA,Europe,Italy,5/31/2022,17421410,24687,166697,66,248,5369,221108240,242060
ITA,Europe,Italy,6/1/2022,17440232,18822,166756,59,223,5101,221300348,192108
ITA,Europe,Italy,6/2/2022,17457950,17718,166835,79,226,4815,221481403,181055
ITA,Europe,Italy,6/3/2022,17467642,9692,166875,40,225,4869,221552092,70689
ITA,Europe,Italy,6/4/2022,17490451,22809,166922,47,218,4660,221741088,188996
ITA,Europe,Italy,6/5/2022,17505973,15522,166949,27,218,4629,221864787,123699
ITA,Europe,Italy,6/6/2022,17514589,8616,167019,70,217,4670,221939797,75010
ITA,Europe,Italy,6/7/2022,17543136,28547,167089,70,219,4561,222173350,233553
ITA,Europe,Italy,6/8/2022,17566061,22925,167169,80,199,4495,222361374,188024
ITA,Europe,Italy,6/9/2022,17589595,23534,167253,84,197,4431,222540501,179127
ITA,Europe,Italy,6/10/2022,17611607,22012,167305,52,196,4358,222710598,170097
ITA,Europe,Italy,6/11/2022,17634065,22458,167365,60,193,4269,222897832,187234
ITA,Europe,Italy,6/12/2022,17653375,19310,167391,26,183,4301,223025536,127704
ITA,Europe,Italy,6/13/2022,17664043,10668,167432,41,193,4403,223100172,74636
ITA,Europe,Italy,6/14/2022,17703887,39844,167505,73,183,4382,223328731,228559
ITA,Europe,Italy,6/15/2022,17736696,32809,167553,48,189,4407,223524170,195439
ITA,Europe,Italy,6/16/2022,17773764,37068,167617,64,192,4495,223718846,194676
ITA,Europe,Italy,6/17/2022,17809934,36170,167658,41,191,4511,223904665,185819
ITA,Europe,Italy,6/18/2022,17844905,34971,167703,45,193,4524,224097705,193040
ITA,Europe,Italy,6/19/2022,17879160,34255,167721,18,199,4597,224257916,160211
ITA,Europe,Italy,6/20/2022,17896065,16905,167780,59,209,4794,224337291,79375
ITA,Europe,Italy,6/21/2022,17959329,63264,167842,62,206,5009,224629636,292345
ITA,Europe,Italy,6/22/2022,18014202,54873,167892,50,216,5163,224876148,246512
ITA,Europe,Italy,6/23/2022,18071634,57432,167967,75,216,5280,,
ITA,Europe,Italy,6/24/2022,18128044,56410,168018,51,225,5430,,
ITA,Europe,Italy,6/25/2022,18184917,56873,168058,40,225,5567,,
ITA,Europe,Italy,6/26/2022,18234242,49325,168102,44,227,5759,,
ITA,Europe,Italy,6/27/2022,18259261,25019,168165,63,234,6107,,
ITA,Europe,Italy,6/28/2022,18343422,84161,168234,69,237,6272,,
ITA,Europe,Italy,6/29/2022,18438877,95455,168294,60,248,6502,,
ITA,Europe,Italy,6/30/2022,18523111,84234,168353,59,261,6853,,
ITA,Europe,Italy,7/1/2022,18610011,86900,168425,72,264,7094,,
ITA,Europe,Italy,7/2/2022,18695954,85943,168488,63,275,7310,,
ITA,Europe,Italy,7/3/2022,18768871,72917,168545,57,291,7503,,
ITA,Europe,Italy,7/4/2022,18805756,36885,168604,59,303,7951,,
ITA,Europe,Italy,7/5/2022,18938771,133015,168698,94,323,8326,,
ITA,Europe,Italy,7/6/2022,19048788,110017,168770,72,325,8545,,
ITA,Europe,Italy,7/7/2022,19157174,108386,168864,94,343,8895,,
ITA,Europe,Italy,7/8/2022,19259037,101863,168969,105,361,8993,,
ITA,Europe,Italy,7/9/2022,19357938,98901,169062,93,344,9208,,
ITA,Europe,Italy,7/10/2022,19439501,81563,169106,44,350,9394,,
ITA,Europe,Italy,7/11/2022,19523262,83761,169233,127,360,9814,,
ITA,Europe,Italy,7/12/2022,19667320,144058,169390,157,375,10099,,
ITA,Europe,Italy,7/13/2022,19778911,111591,169496,106,388,10214,,
ITA,Europe,Italy,7/14/2022,19887543,108632,169601,105,391,10506,,
ITA,Europe,Italy,7/15/2022,19985479,97936,169735,134,395,10758,,
ITA,Europe,Italy,7/16/2022,20076863,91384,169846,111,405,10839,,
ITA,Europe,Italy,7/17/2022,20145859,68996,169925,79,403,10979,,
ITA,Europe,Italy,7/18/2022,20177910,32051,170037,112,417,11265,,
ITA,Europe,Italy,7/19/2022,20299013,121103,170213,176,413,11388,,
ITA,Europe,Italy,7/20/2022,20385814,86801,170370,157,410,11447,,
ITA,Europe,Italy,7/21/2022,20467349,81535,170527,157,410,11394,,
ITA,Europe,Italy,7/22/2022,20539016,71667,170682,155,405,11349,,
ITA,Europe,Italy,7/23/2022,20608190,69174,170798,116,408,11265,,
ITA,Europe,Italy,7/24/2022,20660065,51875,170875,77,405,11330,,
ITA,Europe,Italy,7/25/2022,20684182,24117,170979,104,426,11507,,
ITA,Europe,Italy,7/26/2022,20772833,88651,171232,253,434,11558,,
ITA,Europe,Italy,7/27/2022,20837233,64400,171439,207,424,11518,,
ITA,Europe,Italy,7/28/2022,20898059,60826,171638,199,406,11317,,
ITA,Europe,Italy,7/29/2022,20952476,54417,171882,244,400,11168,,
ITA,Europe,Italy,7/30/2022,21002773,50297,172003,121,382,10984,,
ITA,Europe,Italy,7/31/2022,21040025,37252,172086,83,388,10887,,
ITA,Europe,Italy,8/1/2022,21059545,19520,172207,121,398,10925,,
ITA,Europe,Italy,8/2/2022,21124644,65099,172397,190,386,10631,,
ITA,Europe,Italy,8/3/2022,21170600,45956,172568,171,396,10402,,
ITA,Europe,Italy,8/4/2022,21213559,42959,172729,161,362,10096,,
ITA,Europe,Italy,8/5/2022,21251774,38215,172904,175,351,9748,,
ITA,Europe,Italy,8/6/2022,21286771,34997,173062,158,336,9359,,
ITA,Europe,Italy,8/7/2022,21313427,26656,173136,74,342,9268,,
ITA,Europe,Italy,8/8/2022,21325402,11975,173249,113,339,9391,,
ITA,Europe,Italy,8/9/2022,21368480,43078,173426,177,331,9147,,
ITA,Europe,Italy,8/10/2022,21400179,31699,173571,145,321,8913,,
ITA,Europe,Italy,8/11/2022,21428602,28423,173701,130,321,8679,,
ITA,Europe,Italy,8/12/2022,21455291,26689,173853,152,306,8349,,
ITA,Europe,Italy,8/13/2022,21480076,24785,173982,129,291,8046,,
ITA,Europe,Italy,8/14/2022,21499531,19455,174060,78,298,7841,,
ITA,Europe,Italy,8/15/2022,21509424,9893,174102,42,301,7805,,
ITA,Europe,Italy,8/16/2022,21518365,8941,174172,70,299,7843,,
ITA,Europe,Italy,8/17/2022,21554626,36261,174300,128,288,7627,,
ITA,Europe,Italy,8/18/2022,21581917,27291,174447,147,268,7293,,
ITA,Europe,Italy,8/19/2022,21606606,24689,174571,124,260,7042,,
ITA,Europe,Italy,8/20/2022,21630998,24392,174659,88,256,6784,,
ITA,Europe,Italy,8/21/2022,21650468,19470,174722,63,262,6704,,
ITA,Europe,Italy,8/22/2022,21660885,10417,174797,75,255,6771,,
ITA,Europe,Italy,8/23/2022,21696242,35357,174931,134,254,6632,,
ITA,Europe,Italy,8/24/2022,21721630,25388,175043,112,239,6409,,
ITA,Europe,Italy,8/25/2022,21745065,23435,175127,84,234,6238,,
ITA,Europe,Italy,8/26/2022,21767060,21995,175226,99,231,6058,,
ITA,Europe,Italy,8/27/2022,21788862,21802,175306,80,227,5895,,
ITA,Europe,Italy,8/28/2022,21806509,17647,175347,41,229,5857,,
ITA,Europe,Italy,8/29/2022,21814856,8347,175407,60,229,5860,,
ITA,Europe,Italy,8/30/2022,21845943,31087,175505,98,226,5653,,
ITA,Europe,Italy,8/31/2022,21867757,21814,175595,90,213,5304,,
ITA,Europe,Italy,9/1/2022,21888255,20498,175663,68,207,5169,,
ITA,Europe,Italy,9/2/2022,21907413,19158,175754,91,195,5014,,
ITA,Europe,Italy,9/3/2022,21925073,17660,175802,48,188,4818,,
ITA,Europe,Italy,9/4/2022,21938269,13196,175832,30,190,4763,,
ITA,Europe,Italy,9/5/2022,21944877,6608,175872,40,185,4751,,
ITA,Europe,Italy,9/6/2022,21969725,24848,175952,80,185,4644,,
ITA,Europe,Italy,9/7/2022,21987295,17570,176009,57,184,4483,,
ITA,Europe,Italy,9/8/2022,22004612,17317,176098,89,185,4335,,
ITA,Europe,Italy,9/9/2022,22020154,15542,176157,59,172,4189,,
ITA,Europe,Italy,9/10/2022,22035291,15137,176204,47,173,4109,,
ITA,Europe,Italy,9/11/2022,22047192,11901,176238,34,180,4103,,
ITA,Europe,Italy,9/12/2022,22054443,7251,176242,4,176,4165,,
ITA,Europe,Italy,9/13/2022,22077601,23158,176335,93,163,4031,,
ITA,Europe,Italy,9/14/2022,22096450,18849,176404,69,151,3870,,
ITA,Europe,Italy,9/15/2022,22114423,17973,176464,60,143,3775,,
ITA,Europe,Italy,9/16/2022,22131785,17362,176508,44,142,3742,,
ITA,Europe,Italy,9/17/2022,22148935,17150,176546,38,150,3624,,
ITA,Europe,Italy,9/18/2022,22161016,12081,176578,32,157,3577,,
ITA,Europe,Italy,9/19/2022,22169273,8257,176609,31,151,3644,,
ITA,Europe,Italy,9/20/2022,22197658,28385,176669,60,150,3645,,
ITA,Europe,Italy,9/21/2022,22218846,21188,176715,46,146,3562,,
ITA,Europe,Italy,9/22/2022,22241369,22523,176775,60,138,3488,,
ITA,Europe,Italy,9/23/2022,22262452,21083,176824,49,134,3447,,
ITA,Europe,Italy,9/24/2022,22284812,22360,176867,43,126,3419,,
ITA,Europe,Italy,9/25/2022,22303606,18794,176880,13,125,3446,,
ITA,Europe,Italy,9/26/2022,22313612,10006,176912,32,130,3591,,
ITA,Europe,Italy,9/27/2022,22358487,44875,176976,64,128,3781,,
ITA,Europe,Italy,9/28/2022,22395282,36795,177024,48,139,3854,,
ITA,Europe,Italy,9/29/2022,22432803,37521,177054,30,141,3990,,
ITA,Europe,Italy,9/30/2022,22467278,34475,177092,38,136,4237,,
ITA,Europe,Italy,10/1/2022,22500346,33068,177130,38,138,4319,,
ITA,Europe,Italy,10/2/2022,22529252,28906,177150,20,133,4425,,
ITA,Europe,Italy,10/3/2022,22542568,13316,177197,47,140,4660,,
ITA,Europe,Italy,10/4/2022,22602840,60272,177257,60,155,4969,,
ITA,Europe,Italy,10/5/2022,22648063,45223,177300,43,171,5244,,
ITA,Europe,Italy,10/6/2022,22692912,44849,177356,56,180,5368,,
ITA,Europe,Italy,10/7/2022,22737577,44665,177418,62,198,5577,,
ITA,Europe,Italy,10/8/2022,22781293,43716,177478,60,194,5683,,
ITA,Europe,Italy,10/9/2022,22815736,34443,177519,41,211,5910,,
ITA,Europe,Italy,10/10/2022,22830825,15089,177570,51,216,6203,,
ITA,Europe,Italy,10/11/2022,22896742,65917,177650,80,224,6483,,
ITA,Europe,Italy,10/12/2022,22944496,47754,177719,69,228,6712,,
ITA,Europe,Italy,10/13/2022,22990201,45705,177785,66,236,6594,,
ITA,Europe,Italy,10/14/2022,23030777,40576,177883,98,244,6784,,
ITA,Europe,Italy,10/15/2022,23069745,38968,177956,73,252,6844,,
ITA,Europe,Italy,10/16/2022,23099983,30238,177988,32,252,6967,,
ITA,Europe,Italy,10/17/2022,23114013,14030,178081,93,254,7182,,
ITA,Europe,Italy,10/18/2022,23172370,58357,178194,113,254,7247,,
ITA,Europe,Italy,10/19/2022,23214073,41703,178275,81,251,7313,,
ITA,Europe,Italy,10/20/2022,23254633,40560,178359,84,242,7267,,
ITA,Europe,Italy,10/21/2022,23290747,36114,178450,91,234,7310,,
ITA,Europe,Italy,10/22/2022,23322522,31775,178542,92,227,7274,,
ITA,Europe,Italy,10/23/2022,23348075,25553,178594,52,229,7246,,
ITA,Europe,Italy,10/24/2022,23359680,11605,178633,39,226,7350,,
ITA,Europe,Italy,10/25/2022,23408393,48713,178753,120,232,7338,,
ITA,Europe,Italy,10/26/2022,23443429,35036,178846,93,227,7246,,
ITA,Europe,Italy,10/27/2022,23475187,31758,178940,94,223,7104,,
ITA,Europe,Italy,10/28/2022,23504224,29037,179025,85,228,7052,,
ITA,Europe,Italy,10/29/2022,23531023,26799,179101,76,227,6943,,
ITA,Europe,Italy,10/30/2022,23531023,0,179101,0,225,6925,,
ITA,Europe,Italy,10/31/2022,23531023,0,179101,0,233,6979,,
ITA,Europe,Italy,11/1/2022,23531023,0,179101,0,232,6890,,
ITA,Europe,Italy,11/2/2022,23531023,0,179101,0,237,6936,,
ITA,Europe,Italy,11/3/2022,23531023,0,179101,0,238,6842,,
ITA,Europe,Italy,11/4/2022,23642011,110988,179436,335,232,6750,,
ITA,Europe,Italy,11/5/2022,23642011,0,179436,0,229,6588,,
ITA,Europe,Italy,11/6/2022,23642011,0,179436,0,228,6633,,
ITA,Europe,Italy,11/7/2022,23642011,0,179436,0,227,6738,,
ITA,Europe,Italy,11/8/2022,23642011,0,179436,0,219,6598,,
ITA,Europe,Italy,11/9/2022,23642011,0,179436,0,214,6573,,
ITA,Europe,Italy,11/10/2022,23642011,0,179436,0,203,6559,,
ITA,Europe,Italy,11/11/2022,23823192,181181,179985,549,220,6567,,
ITA,Europe,Italy,11/12/2022,23823192,0,179985,0,222,6610,,
ITA,Europe,Italy,11/13/2022,23823192,0,179985,0,224,6714,,
ITA,Europe,Italy,11/14/2022,23823192,0,179985,0,224,6871,,
ITA,Europe,Italy,11/15/2022,23823192,0,179985,0,238,7087,,
ITA,Europe,Italy,11/16/2022,23823192,0,179985,0,242,7211,,
ITA,Europe,Italy,11/17/2022,23823192,0,179985,0,247,7228,,
ITA,Europe,Italy,11/18/2022,24031538,208346,180518,533,247,7349,,
ITA,Europe,Italy,11/19/2022,24031538,0,180518,0,237,7350,,
ITA,Europe,Italy,11/20/2022,24031538,0,180518,0,236,7434,,
ITA,Europe,Italy,11/21/2022,24031538,0,180518,0,241,7589,,
ITA,Europe,Italy,11/22/2022,24031538,0,180518,0,248,7848,,
ITA,Europe,Italy,11/23/2022,24031538,0,180518,0,241,7856,,
ITA,Europe,Italy,11/24/2022,24031538,0,180518,0,250,7863,,
ITA,Europe,Italy,11/25/2022,24260660,229122,181098,580,256,8032,,
ITA,Europe,Italy,11/26/2022,24260660,0,181098,0,252,8045,,
ITA,Europe,Italy,11/27/2022,24260660,0,181098,0,274,8139,,
ITA,Europe,Italy,11/28/2022,24260660,0,181098,0,283,8323,,
ITA,Europe,Italy,11/29/2022,24260660,0,181098,0,289,8468,,
ITA,Europe,Italy,11/30/2022,24260660,0,181098,0,303,8664,,
ITA,Europe,Italy,12/1/2022,24260660,0,181098,0,320,8778,,
ITA,Europe,Italy,12/2/2022,24488080,227420,181733,635,318,8865,,
ITA,Europe,Italy,12/3/2022,24488080,0,181733,0,324,8911,,
ITA,Europe,Italy,12/4/2022,24488080,0,181733,0,327,9000,,
ITA,Europe,Italy,12/5/2022,24488080,0,181733,0,336,9257,,
ITA,Europe,Italy,12/6/2022,24488080,0,181733,0,324,9264,,
ITA,Europe,Italy,12/7/2022,24488080,0,181733,0,337,9444,,
ITA,Europe,Italy,12/8/2022,24488080,0,181733,0,335,9550,,
ITA,Europe,Italy,12/9/2022,24709404,221324,182419,686,337,9661,,
ITA,Europe,Italy,12/10/2022,24709404,0,182419,0,334,9669,,
ITA,Europe,Italy,12/11/2022,24709404,0,182419,0,335,9898,,
ITA,Europe,Italy,12/12/2022,24709404,0,182419,0,347,10111,,
ITA,Europe,Italy,12/13/2022,24709404,0,182419,0,326,9928,,
ITA,Europe,Italy,12/14/2022,24709404,0,182419,0,318,9867,,
ITA,Europe,Italy,12/15/2022,24709404,0,182419,0,321,9760,,
ITA,Europe,Italy,12/16/2022,24884034,174630,183138,719,318,9641,,
ITA,Europe,Italy,12/17/2022,24884034,0,183138,0,315,9488,,
ITA,Europe,Italy,12/18/2022,24884034,0,183138,0,332,9418,,
ITA,Europe,Italy,12/19/2022,24884034,0,183138,0,339,9608,,
ITA,Europe,Italy,12/20/2022,24884034,0,183138,0,339,9343,,
ITA,Europe,Italy,12/21/2022,24884034,0,183138,0,319,9329,,
ITA,Europe,Italy,12/22/2022,24884034,0,183138,0,312,9065,,
ITA,Europe,Italy,12/23/2022,25021606,137572,183936,798,321,8783,,
ITA,Europe,Italy,12/24/2022,25021606,0,183936,0,312,8563,,
ITA,Europe,Italy,12/25/2022,25021606,0,183936,0,316,8421,,
ITA,Europe,Italy,12/26/2022,25021606,0,183936,0,326,8533,,
ITA,Europe,Italy,12/27/2022,25021606,0,183936,0,334,8653,,
ITA,Europe,Italy,12/28/2022,25021606,0,183936,0,321,8615,,
ITA,Europe,Italy,12/29/2022,25021606,0,183936,0,314,8602,,
ITA,Europe,Italy,12/30/2022,25143705,122099,184642,706,304,8454,,
ITA,Europe,Italy,12/31/2022,25143705,0,184642,0,307,8362,,
ITA,Europe,Italy,1/1/2023,25143705,0,184642,0,308,8281,,
ITA,Europe,Italy,1/2/2023,25143705,0,184642,0,312,8409,,
ITA,Europe,Italy,1/3/2023,25143705,0,184642,0,319,8358,,
ITA,Europe,Italy,1/4/2023,25143705,0,184642,0,315,8287,,
ITA,Europe,Italy,1/5/2023,25143705,0,184642,0,319,8035,,
ITA,Europe,Italy,1/6/2023,25279682,135977,185417,775,320,7652,,
ITA,Europe,Italy,1/7/2023,25279682,0,185417,0,308,7615,,
ITA,Europe,Italy,1/8/2023,25279682,0,185417,0,308,7583,,
ITA,Europe,Italy,1/9/2023,25279682,0,185417,0,308,7553,,
ITA,Europe,Italy,1/10/2023,25279682,0,185417,0,303,7277,,
ITA,Europe,Italy,1/11/2023,25279682,0,185417,0,317,7039,,
ITA,Europe,Italy,1/12/2023,25279682,0,185417,0,310,6731,,
ITA,Europe,Italy,1/13/2023,25363742,84060,185993,576,293,6413,,
ITA,Europe,Italy,1/14/2023,25363742,0,185993,0,287,6145,,
ITA,Europe,Italy,1/15/2023,25363742,0,185993,0,277,6045,,
ITA,Europe,Italy,1/16/2023,25363742,0,185993,0,276,6010,,
ITA,Europe,Italy,1/17/2023,25363742,0,185993,0,263,5662,,
ITA,Europe,Italy,1/18/2023,25363742,0,185993,0,237,5409,,
ITA,Europe,Italy,1/19/2023,25363742,0,185993,0,227,5230,,
ITA,Europe,Italy,1/20/2023,25415630,51888,186488,495,228,5051,,
ITA,Europe,Italy,1/21/2023,25415630,0,186488,0,232,4864,,
ITA,Europe,Italy,1/22/2023,25415630,0,186488,0,229,4782,,
ITA,Europe,Italy,1/23/2023,25415630,0,186488,0,217,4727,,
ITA,Europe,Italy,1/24/2023,25415630,0,186488,0,226,4492,,
ITA,Europe,Italy,1/25/2023,25415630,0,186488,0,206,4335,,
ITA,Europe,Italy,1/26/2023,25415630,0,186488,0,205,4286,,
ITA,Europe,Italy,1/27/2023,25453789,38159,186833,345,200,4203,,
ITA,Europe,Italy,1/28/2023,25453789,0,186833,0,195,4017,,
ITA,Europe,Italy,1/29/2023,25453789,0,186833,0,202,4028,,
ITA,Europe,Italy,1/30/2023,25453789,0,186833,0,197,4031,,
ITA,Europe,Italy,1/31/2023,25453789,0,186833,0,193,3974,,
ITA,Europe,Italy,2/1/2023,25453789,0,186833,0,191,3888,,
ITA,Europe,Italy,2/2/2023,25453789,0,186833,0,179,3891,,
ITA,Europe,Italy,2/3/2023,25488166,34377,187272,439,172,3750,,
ITA,Europe,Italy,2/4/2023,25488166,0,187272,0,173,3747,,
ITA,Europe,Italy,2/5/2023,25488166,0,187272,0,173,3725,,
ITA,Europe,Italy,2/6/2023,25488166,0,187272,0,180,3807,,
ITA,Europe,Italy,2/7/2023,25488166,0,187272,0,174,3814,,
ITA,Europe,Italy,2/8/2023,25488166,0,187272,0,172,3690,,
ITA,Europe,Italy,2/9/2023,25488166,0,187272,0,163,3622,,
ITA,Europe,Italy,2/10/2023,25519067,30901,187551,279,162,3539,,
ITA,Europe,Italy,2/11/2023,25519067,0,187551,0,166,3468,,
ITA,Europe,Italy,2/12/2023,25519067,0,187551,0,172,3460,,
ITA,Europe,Italy,2/13/2023,25519067,0,187551,0,177,3490,,
ITA,Europe,Italy,2/14/2023,25519067,0,187551,0,173,3461,,
ITA,Europe,Italy,2/15/2023,25519067,0,187551,0,157,3448,,
ITA,Europe,Italy,2/16/2023,25519067,0,187551,0,154,3354,,
